"Military expenditure by country, in constant (2024) US$ m., 1949-2024      © SIPRI 2024",,,,,,,,,,,,,,,,,,,,,,,,,,,,,,,,,,,,,,,,,,,,,,,,,,,,,,,,,,,,,,,,,,,,,,,,,,,,,,
"Figures are in US $m., at constant 2024 prices and exchange rates",,,,,,,,,,,,,,,,,,,,,,,,,,,,,,,,,,,,,,,,,,,,,,,,,,,,,,,,,,,,,,,,,,,,,,,,,,,,,,
Figures in blue are SIPRI estimates. Figures in red indicate highly uncertain data.,,,,,,,,,,,,,,,,,,,,,,,,,,,,,,,,,,,,,,,,,,,,,,,,,,,,,,,,,,,,,,,,,,,,,,,,,,,,,,
""". ."" = data unavailable. ""xxx"" = country did not exist or was not independent during all or part of the year in question.",,,,,,,,,,,,,,,,,,,,,,,,,,,,,,,,,,,,,,,,,,,,,,,,,,,,,,,,,,,,,,,,,,,,,,,,,,,,,,
,,,,,,,,,,,,,,,,,,,,,,,,,,,,,,,,,,,,,,,,,,,,,,,,,,,,,,,,,,,,,,,,,,,,,,,,,,,,,,
Country,,Notes,1949,1950,1951,1952,1953,1954,1955,1956,1957,1958,1959,1960,1961,1962,1963,1964,1965,1966,1967,1968,1969,1970,1971,1972,1973,1974,1975,1976,1977,1978,1979,1980,1981,1982,1983,1984,1985,1986,1987,1988,1989,1990,1991,1992,1993,1994,1995,1996,1997,1998,1999,2000,2001,2002,2003,2004,2005,2006,2007,2008,2009,2010,2011,2012,2013,2014,2015,2016,2017,2018,2019,2020,2021,2022,2023,2024
,,,,,,,,,,,,,,,,,,,,,,,,,,,,,,,,,,,,,,,,,,,,,,,,,,,,,,,,,,,,,,,,,,,,,,,,,,,,,,
Africa,,,,,,,,,,,,,,,,,,,,,,,,,,,,,,,,,,,,,,,,,,,,,,,,,,,,,,,,,,,,,,,,,,,,,,,,,,,,,,
North Africa,,,,,,,,,,,,,,,,,,,,,,,,,,,,,,,,,,,,,,,,,,,,,,,,,,,,,,,,,,,,,,,,,,,,,,,,,,,,,,
Algeria,,§4,...,...,...,...,...,...,...,...,...,...,...,...,...,...,...,...,...,...,...,...,278.2,259.9,254.8,246.6,255.6,489.9,546.1,761.1,664.2,719.5,711.6,809.4,719.4,830.6,834.9,784.1,734.5,722.8,736.8,729.1,712.7,761.3,779.4,1304.2,1402.4,1706.0,1653.0,1882.1,2263.7,2394.1,2526.7,2931.9,3209.0,3279.2,3208.5,3649.5,3820.6,3916.4,4595.0,5353.8,5814.7,6153.8,8807.1,9267.6,10010.5,11528.8,12061.3,12097.3,11456.7,10987.6,11853.7,11577.3,10794.2,10441.1,18264.0,20423.2
Libya,,‡§¶16,...,...,...,...,...,...,...,...,...,...,...,...,...,...,...,64.1,78.0,139.6,176.8,211.5,288.6,516.5,533.1,411.6,511.5,679.7,415.3,446.4,617.4,726.2,903.8,1036.5,483.6,558.3,...,...,...,...,...,...,...,...,...,...,...,...,...,...,543.7,613.3,473.6,506.9,495.9,637.3,793.2,1035.8,1020.4,897.8,845.0,1277.0,...,...,...,2770.7,3612.8,3342.8,...,...,...,...,...,...,...,1254.7,1573.7,...
Morocco,,§17,...,...,...,...,...,...,...,118.8,173.1,230.4,268.6,268.0,305.6,324.4,426.8,383.4,334.4,363.3,379.1,487.7,442.8,457.6,548.6,606.9,689.7,812.8,1193.5,1675.2,1921.1,1711.1,1715.0,1973.8,2011.8,2084.5,1517.1,1363.7,1953.6,1710.3,1711.3,1846.8,1997.0,1961.2,2059.6,2043.2,2155.7,2213.0,2038.2,2032.8,2129.0,2154.3,1523.4,1677.6,2499.2,2377.8,2518.7,2448.0,2540.4,2564.7,2641.2,2946.0,3146.5,3367.4,3392.0,3635.9,4153.9,4118.8,3802.7,3825.9,3938.5,3966.0,4049.1,5190.1,5341.9,5308.9,5184.9,5318.2
Tunisia,,,...,...,...,...,...,...,...,...,...,...,...,...,75.9,57.9,58.1,70.1,55.0,57.7,61.8,69.3,66.1,84.5,87.8,99.1,97.3,98.6,140.2,161.9,214.1,238.1,228.2,243.2,321.0,485.1,597.0,408.1,353.8,303.7,275.3,318.5,328.8,302.3,309.1,310.8,323.4,334.7,340.0,391.0,386.2,393.9,390.0,407.4,423.5,419.2,436.3,444.1,477.8,504.0,465.0,505.6,521.4,541.0,645.3,651.9,717.7,857.4,1022.9,1089.2,1011.2,1015.2,1248.5,1307.3,1312.4,1253.6,1208.2,1229.9
sub-Saharan Africa,,,,,,,,,,,,,,,,,,,,,,,,,,,,,,,,,,,,,,,,,,,,,,,,,,,,,,,,,,,,,,,,,,,,,,,,,,,,,,
Angola,,§?1,...,...,...,...,...,...,...,...,...,...,...,...,...,...,...,...,...,...,...,...,...,...,...,...,...,...,...,...,...,...,...,...,...,...,...,...,...,...,...,246.0,315.7,274.9,164.5,143.9,2303.6,10008.4,1079.7,808.8,1296.3,399.8,5109.9,2367.0,1426.3,1462.1,1930.7,1837.8,2603.8,3058.5,2682.5,3631.4,3533.3,3780.8,3540.1,3715.4,5074.5,5415.2,3187.6,2546.7,2203.4,1816.6,1659.9,1453.0,1238.1,1240.3,1247.8,914.1
Benin,,§,...,...,...,...,...,...,...,...,...,...,...,...,...,...,...,...,...,...,...,...,...,16.7,16.7,18.2,19.8,18.7,17.8,15.6,20.6,14.7,26.1,31.4,29.1,32.6,43.2,53.7,50.9,51.9,61.8,61.4,50.9,49.5,...,...,...,...,...,...,...,...,30.7,27.7,24.8,45.6,49.7,54.2,55.0,54.9,...,59.5,...,...,...,72.5,76.9,83.6,97.6,86.3,122.1,89.5,71.8,72.2,92.7,116.2,149.0,151.0
Botswana,,,...,...,...,...,...,...,...,...,...,...,...,...,...,...,...,...,...,...,...,...,...,...,...,...,...,...,...,...,15.9,36.3,54.5,59.8,54.1,45.3,45.3,52.8,57.5,84.4,147.8,188.6,204.3,257.4,275.9,256.0,268.3,246.9,224.5,207.2,239.0,292.6,278.3,308.0,376.8,401.6,387.4,358.3,324.7,319.6,352.5,377.3,363.6,340.9,329.7,307.3,299.9,346.9,420.8,590.7,552.0,501.8,531.7,538.0,523.1,499.3,485.6,555.8
Burkina Faso,,†,...,...,...,...,...,...,...,...,...,...,...,6.3,6.9,20.2,20.6,20.5,13.6,14.8,14.6,15.0,15.4,16.7,16.9,18.2,18.4,18.8,40.7,53.5,49.6,59.5,48.3,47.2,54.1,56.6,54.1,54.5,52.6,78.7,69.5,74.5,93.7,101.6,84.8,83.1,75.2,58.9,60.0,58.4,67.6,66.6,74.3,75.7,74.6,80.0,78.1,92.3,97.3,92.7,126.5,115.9,129.6,133.1,138.5,153.6,166.2,177.9,176.4,177.9,220.9,329.6,420.4,433.0,482.5,582.7,827.2,1002.3
Burundi,,‡,...,...,...,...,...,...,...,...,...,...,...,...,...,...,...,...,15.8,16.7,17.5,18.0,22.3,...,16.9,22.3,31.7,35.0,33.6,40.2,55.0,54.1,46.6,62.8,60.5,69.9,62.5,61.4,64.1,64.1,57.6,69.7,78.1,82.3,84.3,86.6,85.6,89.7,74.7,86.5,93.4,100.1,105.0,90.3,119.7,114.8,116.6,113.3,108.5,90.7,91.1,76.0,...,...,...,81.5,84.0,81.8,83.8,83.9,72.3,78.8,106.4,82.1,79.2,102.1,145.2,160.4
Cameroon,,§,...,...,...,...,...,...,...,...,...,...,...,...,...,...,...,...,...,...,...,...,...,166.9,168.9,165.6,168.6,170.0,180.1,189.3,193.1,204.2,223.4,228.9,320.2,374.2,367.2,370.3,320.4,286.8,246.8,227.6,235.9,244.8,250.2,242.2,244.9,199.8,197.9,200.9,222.1,251.5,271.7,263.9,262.9,284.7,305.4,324.9,320.8,348.5,365.5,378.7,383.8,410.0,372.4,400.0,420.4,422.3,433.5,471.8,486.9,482.3,487.6,435.4,462.5,460.0,456.6,512.2
Cape Verde,,,...,...,...,...,...,...,...,...,...,...,...,...,...,...,...,...,...,...,...,...,...,...,...,...,...,...,...,...,...,...,...,...,...,...,...,11.9,11.2,11.6,11.2,11.0,...,...,...,5.6,4.8,5.9,9.2,6.4,6.4,7.1,8.0,12.9,8.8,8.0,8.4,8.7,9.5,8.8,8.8,10.4,8.5,8.5,9.2,9.7,9.3,9.6,10.2,11.8,10.6,11.4,10.8,12.2,11.5,10.9,14.4,16.5
Central African Republic,,14,...,...,...,...,...,...,...,...,...,...,...,...,...,...,...,...,...,...,...,...,...,...,...,...,...,...,...,...,...,...,...,...,...,...,...,...,...,...,...,...,...,...,36.4,37.0,33.7,29.6,27.2,25.2,...,...,...,...,...,27.9,31.4,29.3,29.0,...,30.3,42.8,49.8,73.7,67.1,59.0,59.8,41.8,34.2,32.9,32.0,33.1,45.4,47.7,55.2,44.5,62.5,68.0
Chad,,§,...,...,...,...,...,...,...,...,...,...,...,...,...,...,...,...,...,...,...,...,...,...,...,...,...,...,...,...,...,...,...,...,...,...,92.8,90.0,83.1,95.1,61.6,120.2,96.8,50.7,...,50.7,65.7,51.4,38.2,43.6,31.6,29.6,43.8,49.7,55.8,66.0,66.9,79.3,80.6,297.2,522.3,695.2,805.7,719.3,665.0,...,769.9,409.3,264.2,374.1,266.2,279.2,275.6,356.4,354.9,378.1,372.8,531.3
"Congo, DR",,§15,...,...,...,...,...,...,...,...,...,...,...,...,...,...,70.3,96.8,157.6,135.2,121.6,126.0,170.3,222.8,209.4,167.0,157.3,224.5,160.1,97.6,83.5,72.9,66.6,58.7,31.9,62.9,42.9,53.4,45.0,62.2,27.6,203.6,63.9,45.2,41.5,79.3,243.5,...,...,101.9,83.9,25.2,92.0,72.4,...,...,116.6,193.2,226.8,246.1,232.4,167.2,180.1,282.3,323.1,410.1,458.2,414.8,593.3,507.0,400.6,344.8,401.6,415.4,347.4,389.9,794.2,934.6
"Congo, Republic",,§,...,...,...,...,...,...,...,...,...,...,...,...,...,...,...,...,...,...,...,...,...,61.9,62.2,48.1,62.7,79.4,84.0,89.3,...,73.9,89.3,90.5,127.8,170.3,...,144.3,161.4,...,186.4,...,...,...,...,212.8,189.1,...,...,...,...,...,...,...,120.4,142.4,158.5,186.4,146.6,171.1,202.8,223.1,...,247.5,...,...,371.2,706.9,...,567.1,414.2,304.6,322.5,309.5,307.7,285.1,285.0,175.0
Cote d'Ivoire,,18,...,...,...,...,...,...,...,...,...,...,...,...,...,75.6,68.9,95.1,106.9,105.7,114.7,114.0,121.0,130.5,176.5,213.3,153.6,202.5,180.5,205.2,162.4,222.2,213.1,212.8,195.4,206.3,199.8,202.2,202.3,197.3,203.6,196.9,211.3,201.8,205.9,201.6,200.1,176.0,...,169.1,169.0,...,...,...,...,...,319.3,336.8,322.5,333.8,363.5,364.2,432.8,413.9,346.5,422.1,420.1,507.3,655.1,689.9,564.6,645.3,606.6,658.9,640.8,651.8,682.2,634.1
Djibouti,,§,...,...,...,...,...,...,...,...,...,...,...,...,...,...,...,...,...,...,...,...,...,...,...,...,...,...,...,...,...,...,...,6.5,18.8,103.3,105.7,103.3,101.0,95.2,91.3,82.2,80.9,77.9,75.7,77.2,69.7,66.9,61.5,49.2,52.0,51.2,51.5,49.1,48.3,61.2,75.4,65.4,76.2,81.3,54.0,50.7,...,...,...,...,...,...,...,...,...,...,...,...,...,...,...,...
Equatorial Guinea,,§,...,...,...,...,...,...,...,...,...,...,...,...,...,...,...,...,...,...,...,...,...,...,...,...,...,...,...,...,...,...,...,...,...,...,...,...,...,...,...,...,...,...,...,...,...,8.0,8.7,...,...,...,...,...,...,...,...,...,...,...,260.7,341.0,436.3,...,...,...,...,162.7,157.7,158.2,152.1,156.4,161.4,165.3,159.9,165.3,162.2,108.8
Eritrea,,§?19,...,...,...,...,...,...,...,...,...,...,...,...,...,...,...,...,...,...,...,...,...,...,...,...,...,...,...,...,...,...,...,...,...,...,...,...,...,...,...,...,...,...,...,...,...,...,...,...,...,...,...,...,...,...,...,...,...,...,...,...,...,...,...,...,...,...,...,...,...,...,...,...,...,...,...,...
Ethiopia,,§,...,...,...,...,...,...,...,...,...,...,...,...,...,...,...,...,358.7,368.1,311.2,290.9,284.9,259.6,269.4,300.5,297.1,416.6,654.1,521.0,471.0,543.7,726.6,904.3,870.2,867.4,920.8,879.7,750.0,850.5,945.9,1139.6,1343.5,1283.4,637.2,376.7,416.6,384.0,323.9,377.0,693.2,1482.4,2352.3,2121.7,1348.0,1120.4,954.2,1035.0,1038.7,938.2,859.4,687.0,679.8,687.5,662.5,619.2,620.7,677.1,694.1,762.1,795.0,801.8,760.3,1066.6,2229.4,2210.2,1409.0,1119.1
Gabon,,§20,...,...,...,...,...,...,...,...,...,...,...,...,...,...,...,...,...,...,14.8,14.5,21.5,23.5,26.7,28.6,33.7,36.1,40.2,44.6,57.9,...,82.4,87.9,133.8,139.1,142.5,143.2,163.0,168.4,...,...,...,...,...,...,...,...,...,...,...,...,...,178.2,177.2,177.1,165.4,172.8,157.1,174.1,...,...,...,297.8,277.3,305.6,298.5,210.5,206.8,241.8,307.5,271.4,285.3,272.9,307.6,295.9,265.4,312.5
"Gambia, The",,‡§21,...,...,...,...,...,...,...,...,...,...,...,...,...,...,...,...,...,...,...,...,...,...,...,...,...,...,...,...,...,...,...,...,...,...,0.9,1.2,1.6,1.5,1.7,2.2,2.9,3.4,4.0,3.3,2.3,2.1,2.5,3.4,3.7,3.7,3.3,3.5,3.0,3.3,3.5,3.1,4.4,4.0,5.4,17.5,8.3,...,...,13.8,13.6,20.9,19.0,...,...,14.4,17.6,17.5,17.5,16.4,14.0,14.2
Ghana,,?22,...,...,...,...,...,...,...,...,...,46.2,52.6,92.6,115.2,107.3,114.4,109.1,92.1,108.3,...,146.4,151.1,140.3,113.9,97.9,98.8,128.9,122.1,88.3,55.8,41.2,27.2,33.0,24.7,...,10.6,19.4,37.5,40.4,41.8,22.0,23.3,25.0,35.9,39.0,45.6,49.6,50.6,42.6,42.8,53.2,60.4,75.5,44.6,51.6,62.6,58.2,57.9,61.8,94.9,83.1,96.5,91.7,170.4,262.1,193.1,258.2,206.5,156.0,178.3,202.4,230.3,235.1,274.7,244.2,285.4,279.2
Guinea,,23,...,...,...,...,...,...,...,...,...,...,...,...,...,...,...,...,...,...,...,...,...,...,...,...,...,...,...,...,...,...,...,72.8,51.8,42.4,...,...,...,...,...,...,...,...,181.4,144.4,112.8,115.4,...,...,113.0,123.2,162.1,159.1,321.7,353.9,274.7,254.6,...,...,...,...,...,...,...,381.3,392.7,375.9,403.5,326.5,342.2,335.7,312.6,309.7,332.1,485.6,504.7,505.4
Guinea-Bissau,,?24,...,...,...,...,...,...,...,...,...,...,...,...,...,...,...,...,...,...,...,...,...,...,...,...,...,...,...,...,...,...,...,...,...,13.2,21.6,11.6,6.0,8.0,6.3,...,8.1,...,...,...,...,4.3,4.6,3.8,3.5,5.2,...,19.5,12.6,11.9,12.2,...,17.1,...,...,...,15.0,19.1,17.7,26.3,22.3,22.4,20.9,19.1,22.5,23.6,26.4,27.5,27.5,27.0,25.3,...
Kenya,,†,...,...,...,...,...,...,...,...,...,...,...,44.0,14.8,10.8,29.7,93.9,152.6,191.5,230.7,235.2,226.8,239.9,299.8,381.5,430.6,465.5,465.2,667.4,1119.3,1448.7,1576.8,1283.4,1244.6,1258.4,1178.8,970.6,815.7,976.6,1256.5,1212.6,1125.3,1147.3,893.1,667.9,558.0,464.7,533.5,623.5,592.7,558.2,543.3,583.2,671.2,722.4,729.4,719.7,759.2,750.9,840.8,802.5,818.7,868.0,887.1,1002.8,990.0,900.0,971.3,1044.9,1072.4,1100.3,1056.0,1044.7,1074.0,1048.7,1053.8,1129.8
Lesotho,,§,...,...,...,...,...,...,...,...,...,...,...,...,...,...,...,...,...,...,...,...,...,...,...,...,...,...,...,2.6,2.7,3.5,3.9,6.7,7.1,9.5,7.8,8.1,9.4,10.2,11.0,10.3,13.9,13.1,11.0,10.5,9.7,11.4,14.1,12.6,20.5,24.3,34.5,33.1,34.8,26.6,25.1,23.4,23.8,25.1,27.3,19.9,42.5,56.1,43.6,42.5,42.9,45.6,47.9,48.9,53.5,49.5,45.0,42.1,34.2,32.7,34.4,33.8
Liberia,,25,...,...,...,...,...,...,...,...,...,...,...,...,...,...,...,...,...,...,...,...,...,...,...,...,...,...,...,...,...,...,...,...,...,...,...,...,...,...,...,...,...,...,...,...,...,...,...,...,...,...,...,...,...,...,...,32.9,43.8,23.7,14.9,23.6,30.2,38.0,48.9,55.4,51.3,44.9,42.4,38.8,31.2,25.1,19.3,16.5,35.2,57.5,62.5,31.4
Madagascar,,?26,...,...,...,...,...,...,...,...,...,...,...,...,...,...,...,44.7,48.6,49.9,52.8,56.4,57.0,55.2,55.0,59.8,62.9,70.8,67.9,79.0,104.8,107.2,139.1,129.0,121.6,...,...,95.1,91.3,80.9,80.6,75.1,72.2,75.5,78.1,46.1,70.4,59.2,54.4,78.8,100.4,97.0,91.0,91.8,114.1,90.2,104.4,103.9,93.3,89.9,108.4,113.9,82.3,64.5,72.2,70.6,70.3,70.3,67.2,69.2,70.2,75.9,81.9,94.0,101.0,100.0,101.9,115.4
Malawi,,,...,...,...,...,...,...,...,...,...,...,...,...,...,...,...,...,...,...,...,8.8,8.8,8.7,9.2,9.8,16.5,16.2,24.5,22.7,29.5,45.5,64.2,62.3,44.5,33.5,27.0,23.0,26.6,31.5,26.1,21.1,22.8,21.6,19.2,21.2,21.5,21.0,13.0,17.2,22.2,17.8,17.3,14.7,15.7,17.0,17.4,29.3,48.0,39.3,40.5,49.5,60.7,51.2,52.3,60.0,94.0,69.6,55.1,56.0,69.3,75.9,101.8,110.2,99.8,124.7,149.6,136.4
Mali,,¶,...,...,...,...,...,...,...,...,...,...,...,...,...,...,...,...,29.5,26.9,27.5,28.6,32.4,37.0,28.8,35.2,34.6,35.4,49.0,57.7,56.8,46.6,53.5,46.0,43.4,47.1,44.8,44.0,48.7,48.0,57.7,56.9,58.6,56.2,...,...,52.4,56.0,60.1,56.6,65.7,65.1,73.5,85.2,85.7,85.3,97.5,106.1,111.2,120.5,125.2,138.8,144.3,152.2,154.5,146.7,147.6,207.6,347.0,415.4,513.1,506.9,536.6,655.1,667.9,610.7,785.3,906.4
Mauritania,,§,...,...,...,...,...,...,...,...,...,...,...,...,...,...,...,...,...,...,...,...,...,...,...,...,...,...,...,...,...,...,...,...,...,...,...,...,68.6,63.7,60.3,59.6,52.7,49.5,46.8,45.1,43.8,42.1,45.0,53.8,62.5,44.2,58.9,77.1,107.9,77.2,122.4,125.9,106.6,124.7,0.0,144.6,145.0,0.0,0.0,172.5,170.2,166.2,158.4,175.0,182.6,195.1,198.2,244.7,261.7,240.7,277.2,276.7
Mauritius,,†,...,...,...,...,...,...,...,...,...,...,...,...,...,...,1.8,1.8,1.8,1.8,1.7,1.6,2.0,2.4,2.7,2.8,3.0,3.0,3.8,4.5,4.4,4.7,6.0,11.4,11.2,6.5,6.8,6.7,6.3,6.7,8.0,9.8,13.4,16.6,18.7,19.4,18.7,19.5,20.2,18.9,15.7,14.5,15.2,15.7,15.9,16.2,16.7,15.8,16.0,15.7,15.3,17.0,18.3,16.7,17.2,16.5,22.6,18.6,18.2,23.5,22.7,22.0,21.3,19.8,21.5,18.7,19.9,22.7
Mozambique,,?27,...,...,...,...,...,...,...,...,...,...,...,...,...,...,...,...,...,...,...,...,...,...,...,...,...,...,...,...,...,...,...,130.1,145.8,137.8,128.9,123.2,103.7,79.7,106.3,97.6,122.4,111.1,104.5,104.9,113.0,132.5,61.6,55.9,62.1,73.8,88.5,91.7,104.5,108.2,107.0,117.1,90.1,80.9,89.0,89.2,98.0,126.6,116.8,130.0,150.2,167.9,159.5,175.9,180.3,249.4,268.1,394.6,374.3,446.4,404.4,435.4
Namibia,,,...,...,...,...,...,...,...,...,...,...,...,...,...,...,...,...,...,...,...,...,...,...,...,...,...,...,...,...,...,...,...,...,...,...,...,...,...,...,...,...,...,236.5,205.1,149.9,88.5,69.7,76.7,81.5,100.3,106.4,144.1,129.7,152.9,151.1,148.9,157.5,174.3,183.8,205.2,257.3,271.3,295.9,312.6,307.7,324.2,476.8,522.7,463.9,421.8,403.8,385.5,382.8,360.3,343.6,339.4,344.4
Niger,,,...,...,...,...,...,...,...,...,...,...,...,...,...,...,...,...,...,...,...,...,...,...,...,...,...,...,15.3,15.4,17.3,19.4,20.1,17.7,15.2,15.0,17.3,15.7,16.7,17.6,15.5,...,...,...,...,...,...,32.6,28.0,25.7,28.3,34.9,39.8,38.2,46.7,36.0,36.3,42.3,40.7,...,...,50.7,52.5,69.0,80.1,153.0,103.1,143.0,...,193.7,224.7,236.9,276.3,253.7,200.0,258.6,331.9,404.1
Nigeria,,§28,...,...,...,...,...,...,...,...,...,...,...,208.9,237.7,308.6,373.4,442.0,515.4,397.0,1776.1,2744.6,4621.0,3930.9,3264.1,4118.1,4408.8,4964.6,8111.9,5801.1,6154.5,4799.3,4149.9,3370.6,2221.4,1739.6,1496.1,999.8,978.2,860.1,690.2,678.4,460.8,761.0,729.6,627.6,848.4,595.3,685.7,581.6,625.7,798.7,1351.6,1043.7,1486.5,2243.9,1381.2,1345.6,1188.1,1238.4,1438.3,2020.1,2099.4,2464.9,2744.1,2417.4,2323.7,2112.8,2061.0,1990.2,1903.5,2245.7,2060.1,2652.0,4147.4,2574.9,3101.3,1989.3
Rwanda,,29,...,...,...,...,...,...,...,...,...,...,...,...,...,...,...,...,...,...,...,...,...,...,...,...,57.3,40.3,36.7,39.8,54.0,39.9,45.5,50.6,58.6,54.6,52.6,47.3,50.3,56.3,50.7,48.1,56.7,130.0,179.9,147.8,143.0,48.9,82.5,117.2,107.9,118.6,120.6,102.8,104.9,99.1,92.3,80.5,77.9,85.8,79.4,83.7,85.7,87.3,88.2,86.6,89.0,101.1,118.7,126.0,131.6,140.8,148.2,171.2,201.1,188.9,179.4,190.6
Senegal,,§30,...,...,...,...,...,...,...,...,...,...,...,...,...,...,...,...,...,...,...,...,...,...,...,...,...,...,...,...,...,...,156.3,145.9,159.5,138.2,138.8,131.3,119.2,113.8,120.4,128.2,129.3,130.5,128.1,120.1,141.2,115.4,117.6,115.7,115.1,122.0,131.7,120.4,133.0,133.4,144.9,145.5,165.2,191.6,215.3,210.8,225.2,212.6,230.4,210.0,242.9,249.0,266.4,375.9,368.1,437.2,419.7,389.4,513.5,458.6,449.0,507.2
Seychelles,,†,...,...,...,...,...,...,...,...,...,...,...,...,...,...,...,...,...,...,...,...,...,...,...,...,...,...,...,...,...,...,...,...,...,...,...,...,16.5,19.2,19.7,19.9,22.1,22.9,24.8,28.8,18.2,16.0,14.7,14.1,15.3,14.5,14.5,13.6,14.1,14.0,13.9,17.8,16.3,16.0,19.5,14.7,12.5,9.4,11.4,13.5,15.8,36.9,21.7,26.5,26.8,25.5,25.5,27.5,46.6,24.6,33.2,27.2
Sierra Leone,,31,...,...,...,...,...,...,...,...,...,...,11.5,9.9,9.3,9.7,10.4,10.2,10.4,10.1,11.0,11.6,13.9,15.6,15.0,15.3,17.5,21.7,18.5,17.9,20.0,18.9,20.9,27.6,24.5,18.4,12.1,9.4,6.8,13.7,6.6,9.2,16.8,17.4,31.3,36.8,29.9,28.3,27.3,20.1,9.5,11.8,17.2,27.6,32.8,31.4,35.5,29.1,28.1,31.0,27.7,20.8,24.6,25.6,26.6,29.1,29.3,45.0,38.1,46.7,42.4,29.7,24.2,30.8,38.7,39.5,37.8,27.5
Somalia,,32,...,...,...,...,...,...,...,...,...,...,...,...,...,...,...,...,...,...,...,...,...,...,...,...,...,...,...,...,...,...,...,...,...,...,...,...,...,...,...,...,...,...,...,...,...,...,...,...,...,...,...,...,...,...,...,...,...,...,...,...,...,...,...,...,...,...,...,...,...,...,...,...,...,...,...,...
South Africa,,,...,...,256.0,270.5,230.7,216.7,224.3,252.2,363.7,273.3,256.7,292.9,466.2,753.7,754.9,1058.0,1083.5,1173.5,1303.4,1369.1,1412.1,1332.5,1467.4,1501.3,1891.1,2428.3,3050.5,3785.1,4210.3,3777.9,3374.0,3382.1,3741.7,3680.0,3739.5,4029.1,4000.5,4078.0,4503.2,5285.8,5213.5,4695.4,3857.0,3320.4,3068.5,3271.7,2910.5,2529.7,2325.5,2060.6,1974.6,2317.6,2591.3,2839.4,2810.6,2909.5,3230.1,3274.6,3226.7,3203.5,3350.9,3242.4,3359.6,3511.1,3580.4,3584.3,3612.8,3519.8,3469.3,3324.3,3302.6,3430.0,3089.2,3059.3,2876.5,2694.1
South Sudan,,33,...,...,...,...,...,...,...,...,...,...,...,...,...,...,...,...,...,...,...,...,...,...,...,...,...,...,...,...,...,...,...,...,...,...,...,...,...,...,...,...,...,...,...,...,...,...,...,...,...,...,...,...,...,...,...,...,...,2599.2,2382.9,3294.9,2350.9,2484.7,3546.9,2258.2,2245.2,2926.8,2350.5,685.9,295.6,415.3,255.3,136.1,203.7,532.8,1076.2,919.1
Sudan,,§?34,...,...,194.6,218.9,250.2,352.2,320.2,412.8,596.1,563.5,653.4,734.1,741.5,883.6,956.2,1368.6,1888.8,1657.4,1550.9,1903.8,2548.6,3048.3,3057.0,2642.9,2402.1,1875.1,1621.8,2392.6,2469.3,1823.9,2157.4,2487.9,2095.1,2290.6,3273.6,3751.7,2663.9,2269.7,2580.1,2817.2,...,3262.6,2615.7,2264.7,2582.2,1910.5,1396.2,989.6,778.6,2117.6,3756.7,4880.7,3183.6,3310.3,2531.2,7109.3,5810.8,6834.6,8144.4,9825.2,9581.0,...,...,...,...,...,4549.4,4767.6,6188.8,3153.0,2851.8,1655.9,976.9,...,...,...
Eswatini,,‡35,...,...,...,...,...,...,...,...,...,...,...,...,...,...,...,...,...,...,...,...,...,...,...,...,...,...,...,...,14.0,19.8,20.3,20.4,18.0,18.0,17.6,16.0,14.6,14.6,13.0,12.6,13.6,19.3,21.2,26.7,30.9,32.1,32.6,33.4,32.4,36.0,37.7,36.1,34.0,34.7,40.4,44.6,58.3,58.0,59.1,66.2,72.0,80.0,78.2,69.0,72.9,73.3,74.2,87.0,80.2,83.7,80.3,78.2,72.9,77.4,70.5,75.5
Tanzania,,,...,...,...,...,...,...,...,...,...,...,...,...,...,...,...,...,...,...,77.9,74.8,79.5,112.9,155.3,182.0,235.2,307.9,290.6,305.5,378.0,729.6,612.8,290.5,332.9,320.6,275.0,243.9,246.9,262.9,246.5,224.3,217.1,179.9,194.9,194.7,128.2,119.5,155.0,152.7,163.0,177.6,176.6,188.3,218.8,214.0,194.3,198.2,213.8,233.6,244.8,248.9,277.2,358.8,386.3,392.3,453.2,504.9,586.9,642.2,645.1,678.7,686.0,728.5,786.4,874.9,946.2,966.2
Togo,,,...,...,...,...,...,...,...,...,...,...,...,...,...,...,6.8,19.9,19.6,16.7,18.4,19.5,20.2,21.8,23.4,24.4,27.9,31.4,32.6,41.6,51.8,51.1,44.3,43.1,42.1,37.7,35.4,40.3,50.7,59.7,74.9,73.8,77.4,79.3,74.0,73.3,80.9,57.7,54.1,...,...,...,...,...,...,...,47.7,47.5,46.5,...,...,60.4,59.4,63.3,60.4,68.0,74.3,85.2,83.7,97.1,104.7,115.9,198.3,184.0,206.4,364.1,276.3,189.9
Uganda,,,...,...,...,...,...,...,...,...,...,...,...,...,2.2,13.5,48.7,89.0,155.1,208.2,237.6,291.0,298.6,316.5,541.2,687.1,541.8,407.2,380.6,337.6,233.6,184.4,140.8,191.1,168.4,128.0,89.7,144.7,187.8,200.9,194.7,194.6,175.9,177.9,173.3,114.5,117.0,144.9,164.1,176.2,173.9,220.5,252.4,244.2,246.6,264.4,284.8,325.7,326.5,315.6,322.8,355.8,349.7,747.9,741.5,378.6,317.9,336.4,373.3,387.6,423.5,501.9,769.1,1135.4,1155.1,966.1,976.7,1089.7
Zambia,,§,...,...,...,...,...,...,...,...,...,...,...,...,...,...,...,...,...,...,...,...,...,...,...,...,...,...,...,...,...,...,...,...,...,...,...,285.1,229.8,423.9,382.6,285.2,412.1,362.9,242.6,275.7,133.8,157.3,132.3,88.5,88.7,...,132.2,...,...,...,...,173.1,193.8,211.8,239.9,239.0,225.6,250.7,263.3,293.1,316.3,389.1,416.3,339.3,330.3,379.3,331.4,294.4,270.3,309.2,377.2,402.9
Zimbabwe,,§?36,...,...,...,...,...,...,...,...,...,...,...,...,...,...,...,...,...,...,...,...,...,...,...,...,...,...,...,...,...,...,...,504.5,420.7,469.5,506.1,430.8,439.9,439.7,447.3,468.7,489.3,491.9,511.6,415.7,349.1,356.2,327.9,343.1,369.9,...,502.2,631.9,833.1,3000.7,944.3,581.3,435.5,403.1,...,...,...,319.5,623.3,963.8,1062.9,1099.2,1152.6,1113.1,1048.9,1170.7,1071.8,1415.3,2590.8,2302.5,870.4,1319.9
Americas,,,,,,,,,,,,,,,,,,,,,,,,,,,,,,,,,,,,,,,,,,,,,,,,,,,,,,,,,,,,,,,,,,,,,,,,,,,,,,
Central America and the Caribbean,,,,,,,,,,,,,,,,,,,,,,,,,,,,,,,,,,,,,,,,,,,,,,,,,,,,,,,,,,,,,,,,,,,,,,,,,,,,,,
Belize,,,...,...,...,...,...,...,...,...,...,...,...,...,...,...,...,...,...,...,...,...,...,...,...,...,...,...,...,...,...,2.5,3.6,4.7,5.2,6.1,6.5,7.1,6.7,...,...,...,8.2,8.7,8.6,9.4,10.7,13.5,13.3,12.4,14.5,...,...,10.2,10.3,10.4,11.1,11.5,13.2,16.2,17.8,22.7,21.2,18.7,18.5,18.0,20.9,23.2,23.1,25.3,26.6,26.8,28.0,29.8,29.6,29.0,30.6,29.2
Costa Rica,,37,...,0.0,0.0,0.0,0.0,0.0,0.0,0.0,0.0,0.0,0.0,0.0,0.0,0.0,0.0,0.0,0.0,0.0,0.0,0.0,0.0,0.0,0.0,0.0,0.0,0.0,0.0,0.0,0.0,0.0,0.0,0.0,0.0,0.0,0.0,0.0,0.0,0.0,0.0,0.0,0.0,0.0,0.0,0.0,0.0,0.0,0.0,0.0,0.0,0.0,0.0,0.0,0.0,0.0,0.0,0.0,0.0,0.0,0.0,0.0,0.0,0.0,0.0,0.0,0.0,0.0,0.0,0.0,0.0,0.0,0.0,0.0,0.0,0.0,0.0,0.0
Cuba,,§38,...,...,...,...,...,...,...,...,...,...,...,...,...,...,...,...,...,...,...,...,...,...,...,...,...,...,...,...,...,...,...,...,...,...,...,...,...,...,...,...,...,...,...,...,...,...,...,...,...,...,...,...,...,...,...,...,...,...,...,...,...,...,...,...,...,...,...,...,...,...,...,...,...,...,...,...
Dominican Republic,,,...,...,...,...,...,...,...,...,...,253.5,...,254.0,250.5,240.2,227.1,242.3,233.6,215.6,205.0,213.5,201.8,196.1,193.0,191.7,177.1,214.7,214.5,230.2,231.5,266.4,284.3,213.1,235.9,220.9,209.2,192.0,180.6,211.1,177.4,156.3,130.4,104.1,74.7,134.3,192.6,194.2,149.2,181.7,244.6,263.6,286.1,383.5,450.8,417.7,311.4,275.5,341.2,329.2,329.3,378.1,371.4,399.1,379.7,428.2,420.1,485.0,520.8,549.2,609.1,682.6,717.5,730.9,708.7,793.3,946.4,1004.3
El Salvador,,39,...,...,...,...,93.0,...,...,94.6,109.3,102.4,84.7,83.1,86.5,120.9,116.9,107.7,121.4,124.9,126.6,120.6,137.0,126.7,150.5,193.9,204.1,186.9,184.0,225.4,280.7,303.3,415.3,401.9,442.0,476.5,554.9,942.8,818.1,808.7,701.5,592.6,599.7,509.6,461.8,400.4,305.2,259.9,241.9,218.7,211.9,204.1,210.2,197.7,260.2,274.1,210.2,203.4,201.8,207.3,231.1,226.2,245.7,257.0,268.5,268.2,281.9,274.5,292.8,290.9,303.5,339.0,364.7,396.9,392.1,477.0,454.8,420.8
Guatemala,,,...,...,...,...,...,...,134.4,142.8,154.2,151.0,164.7,153.5,154.3,149.6,185.1,162.7,234.5,239.4,264.2,249.7,211.0,378.3,261.2,280.9,240.7,250.7,350.3,391.1,471.8,415.4,469.3,487.1,685.2,741.7,740.3,806.2,734.7,631.4,660.0,737.5,736.2,724.0,550.1,662.3,606.5,591.4,570.4,477.4,409.5,428.5,416.4,526.8,619.6,459.0,498.1,297.8,238.4,278.4,273.9,296.9,278.6,305.0,322.6,355.5,380.3,356.0,353.7,387.5,339.2,332.2,398.5,400.0,378.7,463.9,437.6,397.4
Haiti,,§40,...,...,...,...,...,...,...,...,...,...,...,...,...,...,...,...,...,...,...,...,...,...,...,...,...,...,...,...,...,...,...,...,...,...,...,...,...,...,...,8.4,8.5,8.2,8.5,8.1,7.0,6.2,6.1,0.0,0.0,0.0,0.0,0.0,0.0,0.0,0.0,0.0,0.0,0.0,0.0,0.0,0.0,0.0,0.0,...,6.6,7.9,8.8,11.5,10.7,14.6,19.9,22.7,34.0,14.5,11.8,14.7
Honduras,,41,...,...,25.0,25.3,28.2,26.0,28.7,31.6,49.1,53.1,48.0,38.5,37.0,36.6,35.4,52.0,53.8,55.0,56.3,57.3,57.8,77.3,87.0,113.9,111.7,104.9,122.6,129.4,160.2,205.3,210.5,205.1,198.9,202.2,195.1,215.6,242.0,260.3,294.9,304.1,289.4,234.7,160.0,...,138.4,...,...,...,...,...,...,124.1,141.6,141.0,178.7,127.8,125.6,144.1,171.0,212.0,237.9,246.6,272.2,279.3,337.3,302.6,369.1,438.5,479.9,456.2,490.9,415.1,477.8,487.8,523.0,560.1
Jamaica,,,...,...,...,...,...,...,...,...,...,...,...,...,...,...,...,...,...,...,...,...,...,...,...,...,...,...,...,90.9,91.1,...,...,...,104.9,117.5,106.9,85.5,71.4,76.8,77.7,87.7,106.2,102.7,94.7,149.8,125.9,94.9,86.8,85.8,98.0,80.9,77.2,75.9,80.8,97.4,101.7,94.4,90.9,108.2,119.8,161.9,156.8,139.0,147.2,146.6,141.3,136.4,141.5,160.6,168.8,238.4,301.3,270.8,247.1,233.7,230.4,251.7
Mexico,,,502.1,558.6,566.1,523.6,593.8,748.8,708.9,723.9,786.1,730.8,715.5,806.4,816.3,926.1,1039.4,1088.2,1043.7,1095.6,1089.6,1185.9,1387.8,1295.6,1331.1,1607.2,1780.0,1947.2,2096.2,2352.7,2197.4,2234.3,2483.5,2358.4,3122.1,3018.5,2890.2,3622.6,3776.1,3178.1,3073.5,2857.5,3028.6,2868.6,3024.3,3356.9,3582.8,4504.0,3762.7,3994.2,4002.1,4127.4,4342.6,4482.4,4435.5,4287.5,4276.4,4119.9,4186.3,3925.9,5268.0,5238.4,6290.7,5991.2,6540.1,6923.9,7324.2,7651.4,7186.1,8035.6,7280.7,8142.7,8950.1,11694.5,11265.1,12008.7,11825.9,16451.9
Nicaragua,,42,...,...,...,...,...,...,...,...,...,...,...,...,...,...,...,...,...,...,...,...,...,...,...,0.1,0.1,0.1,0.1,0.1,0.2,0.2,0.1,0.2,0.2,...,...,...,...,...,...,...,...,115.7,95.9,64.3,54.2,55.1,55.2,49.6,48.8,42.0,43.2,49.6,45.1,57.3,58.4,52.5,52.6,55.3,55.3,52.4,51.9,54.8,61.9,82.7,86.1,93.1,114.3,99.6,102.3,96.8,90.1,93.9,88.8,89.5,98.6,100.9
Panama,,43,...,...,...,...,...,...,...,...,...,...,...,...,...,...,...,...,...,...,...,...,...,...,...,...,...,...,...,...,...,...,...,...,...,...,...,...,...,...,194.8,192.4,190.1,135.4,143.7,141.5,170.2,178.3,168.9,174.7,201.0,176.2,186.8,0.0,0.0,0.0,0.0,0.0,0.0,0.0,0.0,0.0,0.0,0.0,0.0,0.0,0.0,0.0,0.0,0.0,0.0,0.0,0.0,0.0,0.0,0.0,0.0,0.0
Trinidad and Tobago,,,...,...,...,...,...,...,...,...,...,...,...,...,...,...,...,...,...,...,...,82.9,83.7,96.2,127.6,120.2,104.7,86.3,97.2,116.1,124.7,134.8,174.7,201.8,168.1,...,...,...,...,...,...,...,...,...,...,...,79.0,85.9,...,...,...,...,...,...,38.7,52.1,87.5,189.8,228.8,250.1,250.9,248.2,232.4,218.8,213.7,226.7,270.2,227.5,231.4,250.9,233.7,190.2,195.7,191.8,229.1,227.4,243.3,231.7
North America,,,,,,,,,,,,,,,,,,,,,,,,,,,,,,,,,,,,,,,,,,,,,,,,,,,,,,,,,,,,,,,,,,,,,,,,,,,,,,
Canada,,,...,4324.4,8763.2,14084.4,16161.9,15035.7,14889.0,15195.1,14511.4,13516.4,12645.9,12366.1,12622.0,13109.7,12523.1,12665.7,11737.4,11592.8,12325.5,11973.1,11276.2,11298.1,11676.7,11746.1,11665.6,12234.3,13000.3,13199.6,13809.6,14386.7,13928.8,14657.6,14481.8,15741.6,17156.8,18280.8,18821.6,19172.8,19591.5,19899.0,19798.4,19779.8,18267.6,18065.9,18020.5,17758.7,16738.0,15370.6,14164.2,14654.0,15286.6,15036.2,15434.9,15513.2,15798.8,16396.7,17117.9,17913.5,19530.4,21047.4,22008.7,19878.4,20550.2,19541.3,18063.6,18358.3,21092.0,21371.8,25816.4,25697.2,25427.5,26296.5,26131.6,25598.0,27227.7,29065.9
United States of America,,44,175907.1,189049.0,404493.1,569793.1,586649.4,506170.9,479135.9,485404.9,499255.4,496293.6,499769.7,487469.3,508088.3,550543.8,543046.5,524941.3,527240.4,623402.9,715710.0,738695.6,706246.2,654512.9,588882.6,588035.6,558825.1,551528.1,521239.2,507060.3,526196.6,529525.2,532564.3,531335.4,591834.6,699941.1,683520.0,718935.0,770711.6,821654.9,814913.2,797866.0,791125.5,758217.3,669786.5,705819.7,668046.7,633319.1,591579.8,559401.2,556507.3,543941.3,545279.8,566381.0,570981.0,641102.5,729680.6,795293.5,831923.9,843911.7,866430.5,929457.8,1002596.4,1031257.1,1019045.9,962443.2,888413.2,833765.0,814831.4,812331.0,803961.2,828158.3,875217.4,916416.6,906594.3,896121.2,916014.7,968381.6
South America,,,,,,,,,,,,,,,,,,,,,,,,,,,,,,,,,,,,,,,,,,,,,,,,,,,,,,,,,,,,,,,,,,,,,,,,,,,,,,
Argentina,,5,5415.6,4292.8,2909.9,2963.5,3864.1,3681.8,3717.7,3479.9,6176.2,3325.8,1871.8,2803.4,3413.3,3306.4,3370.9,2832.4,2731.9,2825.8,3145.8,3802.7,4643.4,4457.2,4600.1,4731.7,4957.1,5044.7,6404.0,11571.3,12256.0,13096.0,13607.1,12110.3,12890.3,11108.9,12701.7,9965.9,9207.9,9171.5,9148.0,9144.4,7433.1,5047.9,5065.1,4796.2,4525.7,4842.6,4746.9,4212.0,4141.6,4175.1,4302.7,4098.6,4037.5,3440.7,3543.9,3646.8,3830.6,3949.8,4272.6,4245.5,4575.5,4527.5,4462.6,4407.6,4938.5,5109.1,5059.7,4922.5,5336.9,4748.8,4320.5,4028.7,3968.3,4459.5,4882.4,3912.8
Bolivia,,10,...,...,...,...,58.7,...,40.1,29.7,34.0,...,...,...,55.4,55.0,68.3,...,...,...,...,86.9,90.0,118.6,108.1,148.2,173.2,200.1,271.8,297.9,302.2,365.2,381.3,413.3,469.5,284.5,199.1,313.8,337.0,276.9,287.5,254.8,277.3,376.2,366.4,350.7,274.5,337.7,333.0,326.9,396.3,489.9,390.9,389.7,447.0,400.3,456.0,434.1,412.5,402.4,422.1,639.1,500.7,874.9,580.5,685.2,731.9,767.2,683.9,590.5,637.1,651.9,630.0,536.2,559.2,439.4,588.8,628.7
Brazil,,,...,...,...,...,1702.3,...,...,...,2567.8,2569.9,2039.0,1871.4,1745.7,1858.3,1823.8,1702.6,2854.6,2582.2,2484.2,2577.6,2716.3,3230.7,3219.6,4861.8,5522.2,5783.3,6345.1,7417.6,6786.3,6744.5,7041.1,6178.8,6030.3,6978.6,6557.6,6949.2,9546.4,8732.6,11976.7,14926.9,15709.2,13095.8,10606.3,8350.0,11472.8,13659.1,15357.3,14281.5,14183.5,15245.9,15618.0,16917.6,19595.3,19856.9,15840.9,16459.4,17809.0,18440.5,19887.1,21155.8,23067.6,25616.4,24812.9,25290.0,25427.6,25936.1,25335.0,24048.9,25616.5,27316.3,26138.5,25021.9,23698.8,22215.2,21788.3,21693.0
Chile,,45,...,...,...,...,220.6,120.9,170.0,215.9,217.3,239.6,182.9,253.7,299.3,269.2,267.9,256.0,305.1,336.2,366.4,373.1,370.6,791.1,1197.5,1317.4,1346.2,2020.6,1555.5,1634.1,2163.2,2545.1,2844.5,3000.3,3215.8,3598.8,3033.8,3088.5,3003.1,2953.1,2933.1,2447.6,2253.8,2130.2,2016.1,2042.0,2230.4,2362.6,2570.3,2591.1,2765.4,2876.9,2976.4,3129.5,3200.1,3184.7,3612.6,4095.4,4210.7,4797.4,4723.4,5013.7,4508.7,5072.8,5406.7,5074.4,5134.7,5210.4,5197.0,5368.1,5629.5,5617.5,5614.8,6212.4,5642.6,5206.8,5470.1,5521.4
Colombia,,46,...,...,...,...,...,...,...,...,...,414.6,340.5,374.6,447.5,694.9,793.8,757.8,799.1,822.2,843.7,697.3,646.1,795.2,1250.4,780.3,709.2,703.7,792.9,744.3,721.2,841.0,953.5,1094.4,1033.5,1020.5,1350.1,1537.8,1409.7,1534.7,1650.1,1899.0,1935.6,2024.0,2004.0,2288.6,2947.8,3079.4,3595.3,5573.0,3583.0,4279.9,4554.0,4622.0,5083.4,5337.6,5606.9,5984.7,6092.7,6442.2,6834.2,8078.2,8486.3,8421.7,7839.4,8391.2,9137.2,9011.3,9058.1,8930.8,9530.2,9366.3,10069.4,10393.8,10846.4,10622.1,10779.2,12246.5
Ecuador,,47,...,...,...,...,806.4,...,...,...,1274.7,1223.5,1070.8,1436.8,1379.8,1314.2,1159.6,1349.1,1510.8,1397.3,1486.1,1649.0,2101.9,2146.8,1915.0,2229.4,2602.0,3207.8,3791.8,3930.0,6093.0,4365.8,4490.4,4463.3,4293.6,4340.8,3752.5,3911.6,5002.4,5231.2,5608.2,5999.1,5689.4,5972.0,5658.7,5426.9,6124.8,5800.1,8994.2,6377.1,5812.7,4698.9,1664.1,762.6,799.6,934.9,1267.6,1185.3,1558.9,1502.8,2026.1,2348.5,2644.4,2743.6,3077.2,3090.2,3177.9,3124.7,2801.6,2664.6,2600.2,2697.8,2476.0,2495.3,2547.5,2643.8,2692.0,2648.4
Guyana,,48,...,...,...,...,...,...,...,...,...,...,...,...,...,...,...,...,...,...,...,...,...,...,...,...,19.2,38.1,109.1,113.4,74.8,46.4,39.2,43.6,40.3,39.3,30.5,29.2,52.9,35.2,23.8,18.1,14.2,7.5,5.9,9.3,10.6,12.8,12.1,10.9,...,...,...,26.0,29.7,33.3,31.3,41.5,32.7,31.8,37.3,42.5,42.0,40.5,40.3,40.8,42.2,47.0,56.1,62.0,69.9,72.1,77.2,87.2,83.1,90.3,109.7,195.5
Paraguay,,49,...,...,...,...,...,...,...,...,...,...,...,51.3,44.9,51.0,55.6,58.5,67.0,75.8,82.2,90.8,95.4,104.1,106.5,135.7,128.9,104.7,135.7,139.7,151.5,171.6,122.3,140.5,183.7,275.5,258.3,267.8,298.7,303.1,246.5,306.8,256.3,248.7,379.8,320.3,293.4,271.1,316.4,294.7,242.6,225.7,202.5,196.4,178.6,172.2,154.0,182.6,162.1,185.6,190.4,190.4,211.6,234.1,266.8,305.8,336.3,354.9,389.5,362.0,351.2,382.7,387.3,407.1,391.6,366.3,397.6,413.4
Peru,,50,881.7,957.5,1104.0,1052.0,1086.5,1110.1,1239.9,1403.2,1364.3,1373.2,1343.1,1403.6,1671.3,1650.7,2281.8,2572.0,2435.6,2445.2,4225.5,2105.9,2258.4,3637.0,3861.7,4026.9,4846.6,5175.5,6827.1,7734.2,11217.5,8504.9,5739.9,8446.4,7380.0,9456.3,7641.2,5560.9,6690.1,6215.6,6772.7,3420.2,2369.3,1983.7,1437.3,1731.8,1967.1,2038.6,2395.6,2310.3,1950.7,1937.6,1879.1,1717.1,1677.5,1558.9,1600.7,1567.5,1943.5,2031.3,1968.2,1962.6,2413.8,2628.9,2679.8,3005.8,3465.3,3427.4,3827.4,3000.0,2961.5,2917.3,3011.8,2978.5,3152.3,3052.6,3308.6,2510.3
Uruguay,,,...,...,...,...,...,...,...,...,...,...,...,...,...,...,...,...,...,...,...,...,...,...,...,620.8,1112.8,1341.8,1256.7,1048.9,1124.2,1167.6,1368.4,1655.0,2184.2,1988.9,1516.2,1282.4,1237.0,1249.4,1051.1,1196.0,1315.7,1285.0,898.0,1091.7,1053.7,1001.9,1031.0,1108.4,1094.8,1092.1,1121.2,1105.6,1097.0,1011.2,880.0,850.1,861.0,900.1,859.7,970.6,992.7,1082.9,1052.9,1148.3,1205.4,1243.8,1261.6,1292.5,1365.4,1484.2,1432.9,1469.5,1616.1,1459.4,1511.4,1714.9
Venezuela,,?51,...,...,...,...,...,...,0.2,0.2,0.3,0.3,0.3,0.3,0.1,0.2,0.3,0.3,0.3,0.3,0.4,0.4,0.4,0.4,0.5,0.5,0.5,0.7,0.7,0.6,0.7,0.7,0.7,0.6,0.5,0.7,0.9,0.9,0.5,0.6,0.6,0.7,1.0,0.6,0.7,0.7,0.8,0.6,0.6,0.4,0.7,0.5,0.5,0.6,0.6,0.4,0.4,0.6,1.0,1.3,1.3,1.3,0.7,0.7,0.8,0.9,1.1,0.7,0.5,0.3,2.0,2.4,18.9,11.6,2.2,5.1,3.9,...
Asia & Oceania,,,,,,,,,,,,,,,,,,,,,,,,,,,,,,,,,,,,,,,,,,,,,,,,,,,,,,,,,,,,,,,,,,,,,,,,,,,,,,
Oceania,,,,,,,,,,,,,,,,,,,,,,,,,,,,,,,,,,,,,,,,,,,,,,,,,,,,,,,,,,,,,,,,,,,,,,,,,,,,,,
Australia,,,...,3111.1,4468.6,5707.2,5744.5,5152.2,5232.3,5070.8,4867.5,4822.7,4850.2,4771.8,4768.2,4969.2,5587.7,6469.9,7472.2,9093.6,10697.6,11497.8,11114.9,10391.8,10098.3,10102.9,9677.7,9544.0,9698.7,9847.2,9899.0,10008.1,10343.1,10876.6,11613.3,12209.4,12630.2,13616.8,14277.7,14359.7,13871.9,13379.7,13267.0,13332.3,13559.8,13955.3,14484.2,14646.2,14187.0,14013.2,14264.6,14962.9,15694.9,15652.0,16271.7,16971.3,17287.4,18000.1,18628.8,19624.2,20829.9,21589.4,23215.8,23485.8,23160.5,22348.8,22154.7,24045.1,26505.1,29024.3,28972.4,28280.6,29047.3,30467.0,32539.9,32764.3,32388.0,33005.8
Fiji,,†68,...,...,...,...,...,...,...,...,...,...,...,...,...,...,...,...,...,...,...,...,2.2,2.6,3.0,3.5,3.6,4.6,6.3,8.3,10.5,18.0,21.8,20.2,20.8,27.9,28.9,30.1,27.6,27.7,49.7,50.2,57.7,56.0,55.7,50.8,52.0,51.5,49.9,45.7,42.9,40.8,41.8,60.1,63.1,56.7,56.9,63.5,55.7,69.8,86.6,56.4,64.2,59.7,62.8,59.0,57.9,76.0,47.5,58.3,76.9,80.6,79.4,74.0,68.1,68.3,73.3,74.4
New Zealand,,,...,...,...,...,...,...,...,1208.6,1165.6,1151.5,1183.6,1213.7,1140.3,1112.0,1133.3,1351.5,1345.0,1527.6,1482.2,1567.0,1626.9,1776.3,1670.7,1694.8,1647.6,1701.3,1733.0,1665.4,1686.2,1782.9,1788.7,2483.5,2358.3,2163.4,2110.2,2188.1,2170.1,2367.0,2426.3,2134.6,2206.8,2298.3,2166.1,2026.8,1980.7,2006.2,2044.8,2061.5,2019.7,2022.4,2049.9,2058.7,2011.8,1935.6,1909.3,1788.7,1767.3,1955.5,1973.3,1913.9,2008.7,2045.5,1978.0,1923.6,1878.5,1874.3,1933.3,2132.9,2284.6,2495.1,3036.9,3126.5,2853.7,2891.2,3029.0,2958.9
Papua New Guinea,,¶69,...,...,...,...,...,...,...,...,...,...,...,...,...,...,...,...,...,...,...,...,...,...,...,...,...,...,36.1,96.3,93.2,97.2,101.4,109.8,100.4,...,...,...,105.5,106.1,108.6,107.4,116.8,157.1,112.2,121.3,137.2,167.4,122.4,157.8,167.1,132.6,102.7,90.5,75.7,52.5,47.5,53.2,62.8,62.1,74.9,61.7,77.9,64.5,74.6,108.1,105.4,117.5,110.8,93.1,91.7,89.5,99.9,101.7,90.6,133.4,97.0,94.0
South Asia,,,,,,,,,,,,,,,,,,,,,,,,,,,,,,,,,,,,,,,,,,,,,,,,,,,,,,,,,,,,,,,,,,,,,,,,,,,,,,
Afghanistan,,2,...,...,...,...,...,...,...,...,...,...,...,...,...,...,...,...,...,...,...,...,...,68.8,...,...,79.8,77.6,81.4,103.8,109.5,...,...,...,...,...,...,...,...,...,...,...,...,...,...,...,...,...,...,...,...,...,...,...,...,...,...,201.2,181.2,183.2,282.0,245.8,276.6,295.8,290.9,218.0,201.0,245.1,196.0,194.2,191.0,208.6,250.0,289.2,294.3,...,...,...
Bangladesh,,9,...,...,...,...,...,...,...,...,...,...,...,...,...,...,...,...,...,...,...,...,...,...,...,...,201.6,228.1,234.2,414.5,499.8,445.9,423.4,445.3,471.0,544.3,694.2,682.6,628.2,684.9,735.3,808.2,884.3,879.0,895.3,1030.3,1118.9,1254.8,1290.8,1348.1,1434.8,1455.3,1508.6,1575.1,1573.8,1526.9,1531.6,1560.6,1582.1,1702.8,1792.0,1770.5,2065.7,2487.4,2636.2,2773.2,2763.6,2953.9,3337.0,3667.5,3573.4,3934.4,4492.3,4568.0,4524.9,4008.1,3782.8,3934.8
India,,59,...,...,...,...,...,...,...,2941.0,3517.2,3523.2,3252.8,3284.1,3542.9,4869.7,7971.9,7781.7,7606.4,7162.5,6692.1,6930.3,7344.7,7573.5,9030.0,9520.6,8409.1,7831.1,8789.3,10091.8,9588.2,10026.4,10804.3,11087.7,11706.3,12701.5,13144.3,13904.5,15597.2,18437.6,19861.0,20336.2,21429.2,21108.2,19709.0,18836.1,21274.6,21369.5,22010.1,22409.1,24806.2,25881.0,30077.5,31036.4,32117.3,32017.9,32732.8,38022.1,40464.0,40791.9,41284.7,46827.1,55131.7,55353.4,55862.1,55578.6,55615.4,58325.2,58879.3,64884.2,69455.0,71900.8,76976.8,77443.7,76952.9,80348.5,82293.3,83623.1
Nepal,,¶,...,...,...,...,...,...,...,...,...,...,...,...,...,...,...,...,...,...,...,...,...,21.8,25.2,25.7,26.2,26.1,31.5,41.7,42.2,42.8,47.7,48.3,48.8,54.5,60.7,67.1,72.0,71.6,72.6,75.0,81.6,85.0,87.2,90.6,94.4,93.9,92.8,92.3,97.8,99.3,107.3,118.0,152.7,203.2,226.5,270.5,299.1,281.5,271.0,285.7,320.4,336.1,347.5,329.7,361.3,408.4,392.2,416.6,479.4,470.3,455.4,467.8,461.9,463.0,436.5,409.0
Pakistan,,60,...,...,...,...,...,...,...,555.5,461.0,478.6,564.2,587.9,581.9,557.8,602.8,679.3,1096.9,1279.0,1041.9,1071.2,1164.9,1270.9,1412.4,1583.3,1479.2,1475.5,1544.9,1557.6,1550.8,1650.3,1745.8,1886.1,2049.2,2469.4,2755.3,2961.2,3223.8,3465.8,3790.0,3922.5,3934.1,4152.1,4444.8,4726.0,4701.9,4566.8,4645.7,4644.5,4447.1,4447.0,4491.0,4500.6,4814.6,5177.7,5532.9,5760.3,5995.3,6094.5,6136.9,5785.9,5962.6,6235.0,6572.6,6970.2,7209.5,7583.1,8237.3,8519.1,9337.9,10443.6,10316.5,10148.2,10581.2,9877.3,8626.2,8183.4
Sri Lanka,,61,...,...,6.8,8.9,12.1,19.3,17.7,21.1,28.9,40.7,44.1,44.5,45.1,41.2,35.4,34.4,35.6,37.6,38.7,40.7,42.0,52.7,78.4,...,56.5,59.1,62.6,57.6,71.2,87.4,100.7,93.0,82.4,75.5,132.5,149.0,531.2,464.0,594.0,410.9,317.0,431.6,589.2,660.1,707.2,821.4,1382.5,1291.8,1146.3,1201.8,1082.5,1448.0,1208.9,1000.2,899.5,1002.2,927.4,1070.8,1311.5,1501.4,1550.8,1445.3,1515.7,1368.3,1405.1,1647.6,1775.8,1549.6,1613.5,1479.2,1495.7,1392.9,1430.5,1023.2,1165.8,1075.8
East Asia,,,,,,,,,,,,,,,,,,,,,,,,,,,,,,,,,,,,,,,,,,,,,,,,,,,,,,,,,,,,,,,,,,,,,,,,,,,,,,
China,,55,...,...,...,...,...,...,...,...,...,...,...,...,...,...,...,...,...,...,...,...,...,...,...,...,...,...,...,...,...,...,...,...,...,...,...,...,...,...,...,...,20219.3,21980.3,23363.0,28412.5,26127.7,25140.1,26111.8,27663.3,29511.6,32223.0,39282.5,42519.0,50416.1,57905.1,62667.3,69026.3,75799.8,87250.6,95911.1,104937.3,127335.0,133606.7,143428.9,158165.6,171025.5,184676.8,199174.7,210640.3,223595.0,236692.3,248223.3,259923.3,266692.3,278474.4,296821.4,317561.0
Japan,,56,...,...,...,6621.5,6878.2,7749.0,8049.9,7523.9,7200.5,7355.1,7344.5,7355.5,7149.8,7319.5,7956.6,8735.5,9374.5,10127.3,10853.4,11580.7,12579.0,13781.6,15196.8,16964.4,17902.2,18344.5,19086.4,19254.4,19820.3,20957.3,22301.6,22658.6,23470.9,24244.1,25443.3,26606.1,28033.6,29267.4,30479.5,32017.4,33403.3,35038.7,35923.8,36463.6,36316.5,36304.1,36905.3,37576.7,37895.0,37938.1,37740.6,37938.5,38602.6,38794.9,38844.0,38688.8,38618.9,38126.7,37631.2,37269.0,37967.2,38103.1,38618.1,38150.0,37992.2,38398.9,39073.6,38841.4,38584.4,40526.7,41679.5,41322.2,44420.9,41782.5,48189.1,58399.3
"Korea, North",,57,...,...,...,...,...,...,...,...,...,...,...,...,...,...,...,...,...,...,...,...,...,...,...,...,...,...,...,...,...,...,...,...,...,...,...,...,...,...,...,...,...,...,...,...,...,...,...,...,...,...,...,...,...,...,...,...,...,...,...,...,...,...,...,...,...,...,...,...,...,...,...,...,...,...,...,...
"Korea, South",,58,...,...,...,...,189.2,474.6,526.1,754.0,648.1,765.1,811.8,787.3,820.8,952.3,787.2,744.5,782.2,1412.6,1570.5,1850.3,2133.2,2205.4,2592.1,3032.1,3050.0,3901.2,4502.8,6472.3,7693.2,9582.3,8999.8,9859.2,10215.3,10649.2,11085.0,11365.5,12287.0,13210.5,13570.7,14416.7,15332.1,15893.2,16327.0,17331.0,18129.8,18654.2,20392.4,20679.1,21188.0,20448.1,19899.6,21124.0,21728.1,22326.9,23086.0,24100.2,26065.1,27004.3,28227.5,30074.0,31964.8,32230.4,32672.0,33503.9,34518.8,35876.7,37270.4,38204.3,38907.0,40880.2,44173.5,46497.7,48523.1,47504.8,47801.9,48473.5
Mongolia,,,...,...,...,...,...,...,...,...,...,...,...,...,...,...,...,...,...,...,...,...,...,...,...,...,...,...,...,...,...,...,...,...,...,...,...,...,...,...,...,...,...,137.9,93.8,41.4,39.4,34.2,48.3,40.8,37.2,38.6,39.5,50.2,45.9,50.3,47.5,51.8,50.1,61.4,80.2,73.7,47.6,59.5,81.4,99.5,92.1,99.4,98.6,101.0,100.0,95.5,102.3,105.8,101.5,89.8,111.5,166.1
Taiwan,,†¶104,...,...,...,...,...,...,...,...,...,...,...,...,...,...,...,...,...,...,...,...,...,...,...,...,...,...,...,4795.3,5824.1,6683.2,7932.9,7999.2,7434.5,8154.0,8162.7,8224.5,9189.3,9539.2,9696.0,10791.1,11835.4,12486.8,12848.5,12989.4,14725.3,14547.4,13480.5,13907.2,13848.7,12954.0,11820.3,11367.2,11161.2,10794.0,10690.9,10709.6,10304.1,9885.2,10460.3,10650.9,11471.3,10841.9,10945.3,11330.8,10700.8,10638.7,11212.6,11019.8,11166.2,10925.3,11652.2,12165.8,13146.2,14901.4,16344.6,16634.7
South East Asia,,,,,,,,,,,,,,,,,,,,,,,,,,,,,,,,,,,,,,,,,,,,,,,,,,,,,,,,,,,,,,,,,,,,,,,,,,,,,,
Brunei,,§12,...,...,...,...,...,...,...,...,...,...,...,...,...,...,...,...,...,...,...,...,...,...,...,...,...,...,...,...,...,...,...,415.2,409.3,424.3,287.0,233.7,246.1,259.0,234.7,378.4,377.7,426.8,425.1,405.9,358.9,370.7,354.2,397.0,462.0,416.6,372.4,352.5,324.6,345.1,360.2,284.0,344.4,387.4,400.8,413.6,405.9,423.6,414.8,407.6,407.3,529.4,463.8,444.6,387.7,385.9,454.2,474.1,471.6,448.6,448.9,554.2
Cambodia,,,...,...,...,...,...,...,...,...,...,...,...,...,...,...,...,...,...,...,...,...,...,...,...,...,...,...,...,...,...,...,...,...,...,...,...,...,...,2.3,2.1,3.1,5.7,13.3,31.0,69.4,99.7,219.5,244.6,225.5,213.5,190.4,197.0,184.1,165.1,151.4,157.9,156.8,153.6,155.7,147.4,124.1,212.2,253.5,266.8,291.3,316.5,348.9,406.2,462.5,537.9,621.5,670.1,683.4,671.6,628.5,668.0,709.3
Indonesia,,62,...,...,...,...,...,...,...,...,...,...,...,...,...,...,...,...,...,...,...,...,...,...,...,...,...,1360.5,1741.3,1741.5,1806.2,1972.3,2280.6,2648.6,2984.5,2947.5,2707.2,2704.8,2685.4,2643.0,2408.3,2301.2,2359.1,2608.5,2652.9,2856.3,2742.2,3030.8,3189.7,3569.0,4690.8,3067.1,2330.6,2397.9,2131.9,2576.9,3465.1,3873.9,3364.7,3416.6,4108.5,3817.2,4004.9,4703.5,5392.2,6191.2,8323.8,7333.7,8528.3,7958.9,9175.2,8066.8,8465.9,9856.0,8925.8,10235.7,11258.8,11214.2
Laos,,§,...,...,...,...,...,...,...,...,...,...,...,...,...,...,...,...,...,...,...,...,...,...,...,...,...,...,...,...,...,...,...,...,...,...,...,...,...,...,...,...,...,...,...,206.8,204.8,207.3,173.6,133.0,122.0,83.1,36.7,29.0,28.0,25.9,22.7,21.5,21.0,21.0,21.0,19.5,16.3,16.4,18.3,18.7,19.3,...,...,...,...,...,...,...,...,...,...,...
Malaysia,,63,...,...,143.7,233.6,314.1,293.0,262.9,240.4,249.6,262.4,228.7,211.1,175.1,180.3,242.7,339.3,476.0,591.0,545.2,564.8,549.6,749.4,840.1,827.8,766.7,861.7,910.1,939.7,1259.3,1075.5,1257.5,1560.0,2101.8,2001.7,1790.6,1651.0,1473.9,1262.8,1834.8,1192.1,1428.6,1534.3,2088.7,2075.3,2205.3,2389.7,2540.8,2443.1,2296.2,1687.6,2283.2,2072.7,2578.7,2930.2,3732.4,3605.5,3856.7,3774.0,4214.0,4309.3,4068.0,3556.4,3986.8,3802.2,4142.9,4175.1,4495.5,4303.9,3616.6,3300.0,3187.4,3382.8,3543.2,3638.7,3925.4,4216.6
Myanmar,,§¶64,...,...,158.5,245.4,349.5,438.1,385.4,386.3,396.1,435.7,472.0,456.1,436.9,470.5,534.7,524.3,487.9,382.3,366.9,367.3,420.1,469.6,478.9,467.6,438.8,362.7,313.8,301.1,350.3,388.5,370.6,387.2,433.0,417.9,401.7,392.5,391.0,364.5,232.9,241.8,429.7,510.9,443.4,513.7,591.3,628.3,668.0,713.3,593.2,488.9,484.2,653.0,585.2,426.2,634.1,708.1,716.2,...,...,...,...,...,...,2969.2,3265.0,3288.3,3816.7,3650.5,3464.5,2356.7,2279.6,3220.0,3785.9,3661.8,3140.2,5224.1
Philippines,,65,...,...,...,...,...,...,...,...,...,598.6,618.3,614.6,630.4,708.2,799.5,734.0,711.8,793.1,881.8,1023.5,1234.8,1339.1,1250.0,1458.7,1943.7,2520.2,...,3247.5,3103.3,2374.6,2841.0,2461.3,2557.1,2462.9,2416.1,1549.6,1664.6,1757.0,1871.5,2407.2,2265.3,2250.4,2047.0,2066.5,2238.1,2344.0,2608.6,2734.8,2442.4,2411.9,2381.3,2515.9,2373.1,2498.3,2784.0,2623.2,2672.9,2763.8,3027.3,3027.8,2911.7,3058.7,3107.4,3155.2,3601.8,3341.4,3656.6,3764.7,4473.5,4751.7,4737.4,4879.4,5505.4,5524.3,5142.6,6097.4
Singapore,,,...,...,...,...,...,...,...,...,...,...,...,...,...,...,...,...,...,...,...,...,...,998.8,1208.9,1279.0,1238.2,1139.7,1288.6,1556.6,1850.8,1810.9,1796.1,2018.6,2238.5,2365.7,2291.5,2825.7,3314.1,3235.9,3208.6,3460.6,3832.8,4398.5,4550.3,4837.3,4991.1,5158.6,6179.1,6768.8,7596.3,8602.3,8763.2,8475.4,8678.1,9149.2,9239.4,9414.0,10000.5,10090.6,10479.7,10551.4,10903.4,10693.7,10312.8,10072.2,10039.5,10332.9,11020.9,11717.6,12029.6,12135.2,11995.5,11447.6,12249.5,12900.7,14181.5,14601.6
Thailand,,§,...,...,...,...,...,...,...,...,539.4,478.4,490.8,457.3,395.9,517.5,549.7,564.5,609.0,655.3,752.1,904.4,1055.5,1241.1,1493.4,1540.7,1445.1,1346.3,1461.6,1796.1,2161.3,2730.6,3175.5,3046.7,2971.2,3168.3,3207.2,3507.1,3773.3,3601.1,3569.9,3599.3,3722.2,3995.1,4423.5,4819.6,4955.8,5361.3,5349.9,5262.1,5111.5,4034.2,3584.8,3422.8,3411.9,3397.5,3391.7,3325.4,3044.1,3092.2,3505.2,4368.5,5390.7,5775.0,5315.6,5516.5,5482.2,5714.9,5918.8,6232.6,6567.0,6716.5,6883.8,7133.3,7020.7,6149.2,5745.7,5570.4
Timor Leste,,§66,...,...,...,...,...,...,...,...,...,...,...,...,...,...,...,...,...,...,...,...,...,...,...,...,...,...,...,...,...,...,...,...,...,...,...,...,...,...,...,...,...,...,...,...,...,...,...,...,...,...,...,...,...,...,...,...,19.6,39.1,49.2,44.9,68.9,46.7,32.0,46.5,39.8,36.9,45.7,32.9,31.8,25.2,41.6,46.3,45.5,48.0,55.1,44.9
Viet Nam,,§67,...,...,...,...,...,...,...,...,...,...,...,...,...,...,...,...,...,...,...,...,...,...,...,...,...,...,...,...,...,...,...,...,...,...,...,...,...,...,866.1,1403.4,1852.8,2208.5,1570.7,991.3,776.9,1059.4,...,...,...,...,...,...,...,...,1957.8,2004.8,2091.7,2462.2,3172.2,3124.8,3443.4,3826.9,3572.2,4159.8,4349.9,4820.7,5269.5,5702.8,5685.9,6124.4,...,...,...,...,...,...
Central Asia,,,,,,,,,,,,,,,,,,,,,,,,,,,,,,,,,,,,,,,,,,,,,,,,,,,,,,,,,,,,,,,,,,,,,,,,,,,,,,
Kazakhstan,,†,...,...,...,...,...,...,...,...,...,...,...,...,...,...,...,...,...,...,...,...,...,...,...,...,...,...,...,...,...,...,...,...,...,...,...,...,...,...,...,...,...,...,...,...,506.7,324.6,335.0,361.6,338.0,335.6,280.6,294.0,432.3,473.8,560.8,640.8,807.7,944.4,1419.9,1348.2,1271.5,1396.6,1539.1,1796.1,2026.4,2019.6,2078.2,1756.4,1686.4,1814.0,2366.5,2002.1,1988.7,1349.6,1164.3,1145.0
Kyrgyz Republic,,52,...,...,...,...,...,...,...,...,...,...,...,...,...,...,...,...,...,...,...,...,...,...,...,...,...,...,...,...,...,...,...,...,...,...,...,...,...,...,...,...,...,...,...,92.6,52.5,71.0,88.8,84.3,93.3,80.6,84.5,102.3,88.1,102.3,116.2,124.8,138.2,152.1,166.0,167.8,183.8,225.8,222.0,221.3,236.7,262.2,270.4,288.8,289.4,298.4,303.3,319.8,319.7,374.2,483.9,447.0
Tajikistan,,§,...,...,...,...,...,...,...,...,...,...,...,...,...,...,...,...,...,...,...,...,...,...,...,...,...,...,...,...,...,...,...,...,...,...,...,...,...,...,...,...,...,...,...,41.1,146.4,46.4,13.4,14.4,20.6,23.6,19.7,17.1,16.9,36.1,46.7,54.8,...,...,...,45.8,47.1,52.9,65.7,68.2,...,87.2,99.4,100.2,92.9,97.9,96.1,89.7,105.8,215.6,285.1,234.4
Turkmenistan,,§53,...,...,...,...,...,...,...,...,...,...,...,...,...,...,...,...,...,...,...,...,...,...,...,...,...,...,...,...,...,...,...,...,...,...,...,...,...,...,...,...,...,...,...,...,...,155.9,139.0,133.8,202.5,171.7,185.8,...,...,...,...,...,...,...,...,...,...,...,...,...,...,...,...,...,...,...,...,...,...,...,...,...
Uzbekistan,,§54,...,...,...,...,...,...,...,...,...,...,...,...,...,...,...,...,...,...,...,...,...,...,...,...,...,...,...,...,...,...,...,...,...,...,...,...,...,...,...,...,...,...,...,...,...,31.0,26.0,34.7,40.3,...,61.6,53.0,45.7,38.9,41.1,...,...,...,...,...,...,...,...,...,...,...,...,...,...,1750.0,...,...,...,...,...,...
Europe,,,,,,,,,,,,,,,,,,,,,,,,,,,,,,,,,,,,,,,,,,,,,,,,,,,,,,,,,,,,,,,,,,,,,,,,,,,,,,
Central Europe,,,,,,,,,,,,,,,,,,,,,,,,,,,,,,,,,,,,,,,,,,,,,,,,,,,,,,,,,,,,,,,,,,,,,,,,,,,,,,
Albania,,§¶3,...,...,...,...,...,...,...,...,...,...,...,...,...,...,...,...,...,...,...,...,...,...,...,...,...,...,...,...,...,...,...,...,...,...,...,...,...,...,...,...,348.5,358.2,253.2,193.6,177.2,169.4,157.9,141.8,99.0,93.6,108.4,119.9,136.2,136.0,152.8,167.0,173.0,212.5,263.0,309.9,245.2,263.4,262.0,256.0,241.1,234.3,204.0,196.4,203.8,220.6,248.2,240.6,254.8,267.5,397.6,481.5
Bosnia and Herzegovina,,†§¶11,...,...,...,...,...,...,...,...,...,...,...,...,...,...,...,...,...,...,...,...,...,...,...,...,...,...,...,...,...,...,...,...,...,...,...,...,...,...,...,...,...,...,...,...,...,...,...,...,...,...,...,...,...,437.0,304.2,272.7,227.7,218.9,216.2,224.9,247.4,230.5,203.4,200.9,194.8,189.5,195.2,193.6,186.5,193.4,194.8,195.8,231.8,201.1,197.3,211.1
Bulgaria,,†13,...,...,...,...,...,...,...,...,...,...,...,...,...,...,...,...,...,...,...,...,...,...,...,...,...,...,...,...,...,...,...,...,...,...,...,...,...,...,...,...,5108.7,4126.6,2234.0,1688.1,1275.8,1092.9,1075.9,882.7,824.2,953.1,1080.7,1114.1,1233.8,1244.9,1266.5,1183.4,1210.8,1198.6,1401.9,1369.6,1092.5,1030.5,856.9,858.1,925.6,865.1,877.0,939.6,974.1,1202.7,2761.3,1382.8,1470.4,1615.4,1989.7,2265.1
Croatia,,70,...,...,...,...,...,...,...,...,...,...,...,...,...,...,...,...,...,...,...,...,...,...,...,...,...,...,...,...,...,...,...,...,...,...,...,...,...,...,...,...,...,...,...,2278.3,2893.4,3251.7,3458.4,3241.3,3270.0,2521.1,1966.1,1393.2,1290.7,1396.3,1130.0,1026.7,1071.2,1082.8,1114.3,1279.4,1165.7,1080.2,1118.1,1022.0,976.7,1096.0,1091.0,1037.7,1102.4,1076.9,1168.4,1140.7,1486.1,1421.6,1439.1,1565.0
Czechia,,71,...,...,...,...,...,...,...,...,...,...,...,...,...,...,...,...,...,...,...,...,...,...,...,...,...,...,...,...,...,...,...,...,...,...,...,...,...,...,...,...,...,...,...,...,3642.7,3762.8,3608.5,3580.0,3385.1,3674.4,3984.1,4113.8,3957.6,4224.5,4587.7,4404.7,4815.8,4448.7,4293.3,3660.4,3768.6,3418.8,3078.8,2959.6,2822.3,2808.4,2919.3,3164.4,3160.4,3726.8,4106.1,4503.0,4902.8,4668.0,5056.3,6676.0
Czechoslovakia,,72,...,...,...,...,...,...,...,3689.4,3851.3,3681.8,3733.8,4104.4,4738.4,4863.2,4620.6,4368.6,4347.0,4668.2,5206.1,5471.2,5698.6,5810.1,6225.0,6604.0,8151.4,8352.9,8978.7,8883.0,9186.3,9356.5,9269.8,9649.9,9656.1,9778.3,9957.2,10255.2,10831.9,10742.3,10805.9,11064.3,16341.1,14255.2,9350.6,9485.2,xxx,xxx,xxx,xxx,xxx,xxx,xxx,xxx,xxx,xxx,xxx,xxx,xxx,xxx,xxx,xxx,xxx,xxx,xxx,xxx,xxx,xxx,xxx,xxx,xxx,xxx,xxx,xxx,xxx,xxx,xxx,xxx
Estonia,,?73,...,...,...,...,...,...,...,...,...,...,...,...,...,...,...,...,...,...,...,...,...,...,...,...,...,...,...,...,...,...,...,...,...,...,...,...,...,...,...,...,...,...,...,66.9,90.1,114.7,113.6,110.5,147.5,156.2,194.2,229.0,267.2,319.1,368.8,389.0,372.6,408.4,553.1,541.5,469.1,449.2,477.9,558.4,576.8,617.4,671.9,722.3,743.4,781.7,834.8,928.4,891.3,917.5,1235.9,1392.7
German Democratic Republic,,74,...,...,...,...,...,...,...,...,...,...,...,666.9,666.3,1767.8,1821.4,1880.3,1998.9,2054.4,2339.0,3112.1,3397.1,3742.4,4005.5,4249.0,4668.4,5026.3,5421.6,5760.5,6218.9,6564.1,6826.3,7361.5,7962.8,8411.4,8916.1,9511.0,10143.0,10907.0,11730.5,12151.6,12437.8,xxx,xxx,xxx,xxx,xxx,xxx,xxx,xxx,xxx,xxx,xxx,xxx,xxx,xxx,xxx,xxx,xxx,xxx,xxx,xxx,xxx,xxx,xxx,xxx,xxx,xxx,xxx,xxx,xxx,xxx,xxx,xxx,xxx,xxx,xxx
Hungary,,,...,...,...,...,...,...,...,...,...,...,...,...,...,...,...,...,...,...,...,...,...,...,...,2838.6,2767.0,3034.3,3267.0,3066.1,3192.0,3616.3,3595.0,3587.2,3703.0,3659.9,3739.8,3545.6,5529.6,3586.3,3638.2,4205.8,3332.4,2883.2,2165.5,2092.0,1801.9,1784.2,1343.8,1263.8,1554.4,1388.9,1587.4,1751.8,1924.1,2101.2,2267.9,2099.9,2078.7,1862.7,1897.2,1763.2,1571.6,1409.9,1429.3,1360.6,1286.6,1267.3,1425.5,1628.4,2055.8,1861.2,2626.6,3403.6,2776.0,4020.7,4355.5,4718.4
Kosovo,,,...,...,...,...,...,...,...,...,...,...,...,...,...,...,...,...,...,...,...,...,...,...,...,...,...,...,...,...,...,...,...,...,...,...,...,...,...,...,...,...,...,...,...,...,...,...,...,...,...,...,...,...,...,...,...,...,...,...,...,1.0,31.4,45.1,52.8,47.5,50.6,55.6,62.3,64.8,69.4,72.2,76.9,90.6,85.2,116.0,133.2,162.0
Latvia,,?75,...,...,...,...,...,...,...,...,...,...,...,...,...,...,...,...,...,...,...,...,...,...,...,...,...,...,...,...,...,...,...,...,...,...,...,...,...,...,...,...,...,...,...,...,114.3,133.6,129.4,100.6,97.5,105.0,136.5,170.5,214.0,349.8,403.6,435.7,507.0,637.3,694.8,680.7,432.3,327.3,338.7,311.4,334.3,346.7,395.8,570.5,647.8,883.1,883.2,928.3,961.0,958.1,1253.8,1404.8
Lithuania,,?,...,...,...,...,...,...,...,...,...,...,...,...,...,...,...,...,...,...,...,...,...,...,...,...,...,...,...,...,...,...,...,...,...,...,...,...,...,...,...,...,...,...,...,...,216.7,116.9,121.7,135.5,222.7,387.3,296.2,386.9,453.6,452.2,442.3,510.3,556.3,615.7,671.2,692.2,522.2,435.9,420.9,421.5,436.2,524.4,698.7,936.4,1137.2,1369.3,1460.6,1521.6,1559.3,1944.0,2162.9,2602.1
North Macedonia,,†77,...,...,...,...,...,...,...,...,...,...,...,...,...,...,...,...,...,...,...,...,...,...,...,...,...,...,...,...,...,...,...,...,...,...,...,...,...,...,...,...,...,...,...,...,...,...,...,181.8,143.1,147.1,130.5,149.5,475.4,206.4,188.3,200.9,187.1,178.1,206.0,189.0,184.4,156.9,146.3,138.3,138.1,136.0,131.4,136.8,129.5,143.7,183.8,187.8,232.3,247.4,266.6,341.8
Montenegro,,76,...,...,...,...,...,...,...,...,...,...,...,...,...,...,...,...,...,...,...,...,...,...,...,...,...,...,...,...,...,...,...,...,...,...,...,...,...,...,...,...,...,...,...,...,...,...,...,...,...,...,...,...,...,...,...,...,94.1,92.9,84.0,95.7,87.9,89.7,87.3,77.4,70.1,73.6,73.1,79.7,81.7,86.8,89.5,98.8,102.2,109.6,114.3,143.9
Poland,,78,...,...,...,...,...,...,...,...,...,...,...,...,...,...,...,...,...,...,...,...,...,5936.6,6336.9,6377.7,6795.5,6866.3,7314.1,7608.3,8094.4,7760.4,7796.6,7362.5,7442.5,8205.9,7299.4,8244.8,8888.6,9224.3,8965.6,9269.6,7531.6,7823.6,5508.8,5337.5,5849.5,5839.8,5876.3,6183.8,6776.4,7037.5,6928.9,6734.8,6945.5,7064.8,7351.1,7699.9,8224.8,8743.4,9876.8,8983.6,9475.8,9928.2,10067.0,10155.0,10072.7,11206.4,13336.3,12597.6,12882.2,14591.4,14837.1,16980.1,17836.4,18057.2,26342.8,34488.3
Romania,,¶?,...,...,...,...,...,...,...,...,...,...,...,...,...,...,...,...,...,...,...,...,...,...,...,...,...,...,...,...,...,...,...,5030.6,5078.7,4574.4,4703.9,4796.4,10831.9,11491.5,9412.5,10254.7,10920.6,4809.9,4988.9,3902.6,2355.9,2809.4,2739.3,2662.1,2984.9,2711.0,2446.6,2328.8,2442.4,2429.2,2505.7,2694.5,2849.5,2937.5,2817.0,3104.6,2639.8,2431.3,2515.0,2446.6,2633.0,2877.3,3319.3,3502.1,4751.9,5285.0,5785.2,6188.2,6053.3,5871.9,5628.0,8065.8
Serbia,,79,...,...,...,...,...,...,...,...,...,...,...,...,...,...,...,...,...,...,...,...,...,...,...,...,...,...,...,...,...,...,...,...,...,...,...,...,...,...,...,...,...,...,...,...,...,...,...,1382.9,1534.9,1405.0,1316.9,1905.3,1517.1,1678.0,1470.4,1358.5,1138.5,1148.8,1295.3,1256.8,1235.6,1198.8,1151.4,1128.0,1092.6,1094.8,1013.1,1147.6,1108.0,1333.9,1519.0,1599.3,2084.1,1680.6,1796.9,2219.7
Slovakia,,?,...,...,...,...,...,...,...,...,...,...,...,...,...,...,...,...,...,...,...,...,...,...,...,...,...,...,...,...,...,...,...,...,...,...,...,...,...,...,...,...,...,...,...,...,1258.6,1299.1,2300.7,2286.5,1839.3,1438.5,1256.8,1306.4,1471.5,1493.8,1584.4,1471.8,1595.0,1617.9,1636.5,1677.2,1602.7,1402.9,1203.9,1204.4,1090.6,1125.8,1335.3,1369.4,1393.4,1596.2,2279.8,2494.9,2351.3,2368.0,2441.6,2768.7
Slovenia,,?,...,...,...,...,...,...,...,...,...,...,...,...,...,...,...,...,...,...,...,...,...,...,...,...,...,...,...,...,...,...,...,...,...,...,...,...,...,...,...,...,...,...,...,555.4,476.5,462.9,527.9,541.1,519.2,518.4,487.7,443.8,545.0,604.4,629.5,667.7,680.6,779.7,784.4,830.6,836.6,833.1,672.2,578.8,513.1,491.7,487.5,548.2,561.9,586.7,658.5,641.2,814.9,855.5,912.9,931.9
Yugoslavia,,80,...,...,...,...,...,...,...,...,...,...,...,...,...,...,...,...,...,...,...,...,...,...,...,...,...,...,...,...,...,...,...,...,...,...,...,...,...,...,...,...,...,...,...,...,xxx,xxx,xxx,xxx,xxx,xxx,xxx,xxx,xxx,xxx,xxx,xxx,xxx,xxx,xxx,xxx,xxx,xxx,xxx,xxx,xxx,xxx,xxx,xxx,xxx,xxx,xxx,xxx,xxx,xxx,xxx,xxx
Eastern Europe,,,,,,,,,,,,,,,,,,,,,,,,,,,,,,,,,,,,,,,,,,,,,,,,,,,,,,,,,,,,,,,,,,,,,,,,,,,,,,
Armenia,,†6,...,...,...,...,...,...,...,...,...,...,...,...,...,...,...,...,...,...,...,...,...,...,...,...,...,...,...,...,...,...,...,...,...,...,...,...,...,...,...,...,...,...,...,207.8,76.6,...,189.4,163.3,207.7,204.8,220.4,223.4,217.0,214.6,247.1,272.7,333.6,394.1,462.0,536.2,558.9,583.9,535.0,547.9,616.8,626.3,677.9,666.5,682.3,770.1,959.4,932.0,881.3,901.7,1326.2,1416.5
Azerbaijan,,?7,...,...,...,...,...,...,...,...,...,...,...,...,...,...,...,...,...,...,...,...,...,...,...,...,...,...,...,...,...,...,...,...,...,...,...,...,...,...,...,...,...,...,...,391.0,411.3,207.8,171.8,151.3,173.9,198.2,258.6,274.3,309.6,333.4,416.2,504.6,591.1,1214.5,1319.3,1776.0,1568.8,1485.5,2826.0,2931.5,2965.6,2976.6,3163.0,2109.6,2214.3,2329.8,2518.1,2957.2,3349.1,3254.6,3561.7,3699.4
Belarus,,,...,...,...,...,...,...,...,...,...,...,...,...,...,...,...,...,...,...,...,...,...,...,...,...,...,...,...,...,...,...,...,...,...,...,...,...,...,...,...,...,...,...,...,278.2,395.3,397.0,156.7,120.3,196.8,184.2,184.3,204.1,254.3,264.4,267.2,323.4,420.9,546.7,596.5,611.3,541.2,608.9,653.8,734.7,786.3,656.0,703.9,889.7,841.7,1040.7,985.6,1042.7,1095.0,1241.7,1579.3,1725.4
Georgia,,†§81,...,...,...,...,...,...,...,...,...,...,...,...,...,...,...,...,...,...,...,...,...,...,...,...,...,...,...,...,...,...,...,...,...,...,...,...,...,...,...,...,...,...,...,...,...,...,...,144.5,90.1,87.0,67.0,45.7,58.0,83.0,100.9,140.9,374.2,635.7,1258.6,1194.7,728.7,546.1,491.4,509.8,463.6,449.1,399.9,429.7,436.2,448.0,441.8,426.9,423.6,458.6,508.4,632.3
Moldova,,†¶82,...,...,...,...,...,...,...,...,...,...,...,...,...,...,...,...,...,...,...,...,...,...,...,...,...,...,...,...,...,...,...,...,...,...,...,...,...,...,...,...,...,...,...,...,53.2,47.0,59.3,56.6,57.7,37.9,30.1,23.0,25.4,29.8,32.4,29.0,33.7,42.8,48.7,59.9,43.3,33.0,36.5,37.4,41.6,45.5,46.6,55.2,54.1,57.7,65.5,65.0,72.1,61.7,94.4,103.2
Russia,,83,...,...,...,...,...,...,...,...,...,...,...,...,...,...,...,...,...,...,...,...,...,...,...,...,...,...,...,...,...,...,...,...,...,...,...,...,...,...,...,...,...,...,...,47565.8,41580.9,39308.2,25863.3,24420.9,26698.7,15877.5,17632.3,23790.0,25709.9,28481.2,29863.6,31213.9,35471.7,39261.8,42736.6,46957.9,49267.7,50269.3,53649.2,62160.8,65190.1,69865.8,75301.2,80726.1,65414.1,62949.4,65771.0,67316.2,68649.8,88877.4,109203.6,150534.0
Ukraine,,84,...,...,...,...,...,...,...,...,...,...,...,...,...,...,...,...,...,...,...,...,...,...,...,...,...,...,...,...,...,...,...,...,...,...,...,...,...,...,...,...,...,...,...,...,396.9,1746.8,1877.0,1809.1,2242.2,1812.3,1669.5,2070.2,1748.6,1859.5,2148.5,2319.1,2808.5,3150.7,3829.6,3746.5,3431.9,3452.3,3172.2,3551.8,3776.0,4525.2,4944.9,4964.7,4793.5,5782.8,6700.6,7436.0,6882.8,41205.2,64908.0,66784.4
USSR,,,...,...,...,...,...,...,...,...,...,...,...,...,...,...,...,...,...,...,...,...,...,...,...,...,...,...,...,...,...,...,...,...,...,...,...,...,...,...,...,282701.4,262132.3,221760.3,...,xxx,xxx,xxx,xxx,xxx,xxx,xxx,xxx,xxx,xxx,xxx,xxx,xxx,xxx,xxx,xxx,xxx,xxx,xxx,xxx,xxx,xxx,xxx,xxx,xxx,xxx,xxx,xxx,xxx,xxx,xxx,xxx,xxx
Western Europe,,,,,,,,,,,,,,,,,,,,,,,,,,,,,,,,,,,,,,,,,,,,,,,,,,,,,,,,,,,,,,,,,,,,,,,,,,,,,,
Austria,,,...,...,...,...,...,...,...,...,1432.2,1629.9,1612.6,1511.9,1451.7,1528.2,1873.7,2357.2,1950.3,2240.3,2270.3,2275.1,2341.9,2317.5,2231.0,2312.8,2402.6,2690.5,2991.0,3052.9,3150.3,3413.7,3625.9,3624.1,3512.1,3663.4,3720.4,3754.8,4107.7,4241.1,4077.8,3855.1,3815.0,3857.7,3875.3,3762.6,3798.8,3815.5,3782.0,3746.5,3755.0,3765.2,3842.2,3934.9,3666.4,3602.0,3751.2,3757.8,3677.1,3531.9,4200.2,4070.4,3800.9,3779.0,3693.1,3644.4,3502.9,3531.5,3376.8,3634.1,3815.8,3839.0,3925.8,4377.3,4486.6,4001.0,4452.2,5096.6
Belgium,,,2354.7,2375.3,3515.2,5194.8,5171.7,5335.2,4418.9,4296.6,4480.1,4412.6,4448.2,4547.2,4597.0,4892.5,5043.2,5412.3,5239.5,5658.9,5933.4,6142.8,6183.9,6591.6,6869.4,7240.4,7571.0,7677.1,8359.4,8797.0,9023.8,9626.3,9838.1,10028.7,10117.6,9782.2,9394.6,8995.3,8890.4,9257.3,9316.0,8926.0,8787.7,8621.5,8499.6,6979.1,6627.4,6591.1,6456.5,6333.7,6254.1,6252.3,6333.8,6333.4,6054.9,5871.2,5935.0,5811.3,5599.7,5556.2,5995.4,6536.2,6156.3,5896.3,5689.4,5626.0,5482.5,5393.6,5193.5,5172.3,5175.6,5288.6,5407.0,5887.6,6500.1,7364.1,7629.4,8196.9
Cyprus,,†§,...,...,...,...,...,...,...,...,...,...,...,...,...,...,...,...,...,...,...,...,...,...,...,...,...,...,...,...,...,...,...,...,...,...,...,...,89.1,118.1,436.8,500.6,513.8,764.7,750.6,1027.4,461.6,485.3,435.3,653.3,828.3,739.4,457.3,488.1,576.3,394.0,381.3,396.2,430.5,423.5,401.5,402.8,439.7,456.3,422.7,386.0,348.2,328.4,367.7,337.0,399.8,472.2,511.1,526.8,555.5,566.4,558.9,584.7
Denmark,,,1164.5,1094.0,1309.7,1795.4,2339.7,2329.2,2296.1,2203.1,2318.3,2246.9,2204.3,2457.3,2518.3,3082.7,3092.6,3205.2,3401.4,3347.5,3344.9,3569.7,3514.6,3708.4,3771.9,3751.2,3567.8,3923.3,4295.8,4205.3,4226.2,4390.7,4418.1,4458.2,4505.9,4636.5,4673.3,4560.0,4457.2,4293.7,4536.1,4626.9,4512.6,4516.1,4597.8,4513.1,4525.3,4412.0,4365.1,4378.9,4435.1,4484.0,4456.7,4311.1,4578.1,4523.3,4391.0,4416.2,4207.7,4599.3,4436.4,4606.7,4331.7,4611.8,4298.6,4432.9,4066.0,3887.3,3846.7,4101.1,4183.8,4786.2,4938.6,5252.0,5349.9,5801.2,8132.6,9781.6
Finland,,85,...,...,...,...,...,...,...,...,...,694.3,816.2,858.2,991.7,1391.4,1104.9,1089.4,1111.2,1093.0,1069.9,1220.5,1116.4,1184.3,1287.3,1480.3,1541.6,1454.9,1688.6,1493.3,1531.0,1592.6,1777.5,2073.3,1938.9,2111.8,2412.5,2218.7,2384.4,2544.0,2533.3,2673.6,2666.2,2713.8,2833.7,2885.4,2804.4,2758.2,2481.7,2747.6,2955.1,3019.6,2630.7,2781.3,2650.3,2702.6,3431.4,3638.8,3743.5,3811.1,3590.6,3870.8,4063.4,3973.5,4037.1,4086.6,4112.3,3901.1,3988.6,4004.3,3935.7,4050.1,4092.2,4265.1,3984.2,4852.8,5928.0,6893.9
France,,101,14723.2,15919.2,21321.8,27085.2,30166.8,25714.6,23963.1,30627.8,32785.5,30199.6,30882.5,31699.4,32944.1,34047.0,33417.3,34399.6,34897.0,35948.4,37814.0,37858.8,36212.5,36414.6,36913.2,37878.7,39261.0,39115.6,40870.3,42638.0,44963.7,47512.2,48618.4,49583.9,50817.6,51788.8,52749.5,52436.3,52374.7,53913.2,55492.2,55463.9,56143.8,55895.4,56259.4,54489.4,53885.7,54163.0,51481.7,50257.1,50438.7,49098.0,49511.1,48951.0,48800.1,49802.8,51305.1,52705.7,51625.4,51863.3,51843.7,51467.0,55274.8,52654.6,51088.7,50304.0,49978.1,50847.8,52238.8,52354.4,53226.3,53529.6,54872.8,56796.3,59214.5,58904.3,59492.0,63135.0
Germany,,,...,...,...,...,19110.2,19348.1,22356.2,21291.5,25912.4,19411.0,31099.5,33484.7,35603.1,45265.9,50817.2,48728.0,48075.8,47187.5,49087.1,43567.3,47786.6,48330.5,51779.2,55388.6,57514.0,60064.8,59792.6,59360.8,59106.2,61619.3,62479.5,63317.8,64061.8,63235.1,63784.1,63142.5,63277.4,64956.0,66118.6,65588.9,65409.5,68933.1,63793.7,60671.4,54542.4,50866.5,50029.4,49051.3,47240.7,47403.8,48362.1,47599.2,46816.8,46944.2,46302.6,44884.1,44186.0,43399.7,43466.0,44493.7,46178.8,46291.1,45352.7,46648.6,44924.1,44977.4,45749.6,47735.0,49104.1,50459.2,55350.7,58975.7,58457.7,61110.1,67285.2,86301.3
Greece,,,858.5,962.4,1134.2,1095.4,1047.3,1127.7,1147.1,1481.4,1543.4,1519.9,1573.6,1671.6,1617.0,1644.3,1685.9,1752.3,1895.4,2057.3,2649.0,3093.6,3501.8,3777.9,3993.3,4257.2,4280.9,5316.6,6839.3,7484.6,7934.7,8104.8,7851.2,6790.5,8037.7,8201.4,7481.3,7343.5,7288.3,6227.8,6214.1,6570.9,6161.0,6228.9,5907.7,6139.4,5992.5,6095.7,6226.1,6599.1,7032.2,7663.0,8022.7,8467.5,8281.0,8123.2,6959.3,7651.3,8273.7,8602.4,8595.6,9555.5,10018.6,7698.9,6198.6,5482.4,5119.5,5077.7,5384.8,5609.3,5604.8,5990.9,5890.7,6283.6,8601.9,9294.5,7014.9,7785.6
Iceland,,86,...,...,...,...,...,...,...,...,...,...,...,...,...,...,...,...,...,...,...,...,...,...,...,...,...,...,...,...,...,...,...,...,...,...,...,...,...,...,...,0.0,0.0,0.0,0.0,0.0,0.0,0.0,0.0,0.0,0.0,0.0,0.0,0.0,0.0,0.0,0.0,0.0,0.0,0.0,0.0,0.0,0.0,0.0,0.0,0.0,0.0,0.0,0.0,0.0,0.0,0.0,0.0,0.0,0.0,0.0,0.0,0.0
Ireland,,,...,...,...,...,...,...,...,...,...,278.6,291.9,310.5,322.8,327.6,331.2,370.4,382.5,363.8,370.4,380.9,397.5,449.9,507.0,602.2,644.5,653.2,792.6,818.9,834.1,892.7,985.4,1037.3,992.8,1005.4,942.6,911.9,940.1,965.6,902.5,897.6,887.2,1007.0,1055.0,1043.8,1051.9,1075.7,1084.5,1142.4,1210.0,1220.3,1262.4,1295.3,1405.8,1349.9,1294.0,1314.1,1330.7,1319.6,1329.3,1377.1,1359.2,1295.1,1227.8,1162.8,1156.5,1152.2,1156.1,1164.4,1170.4,1196.0,1255.5,1272.4,1327.5,1271.3,1269.2,1307.2
Italy,,87,6269.6,7401.4,8384.6,9384.2,8524.8,9350.2,9211.1,9482.4,9782.9,10072.6,10385.5,10906.0,11201.1,12388.7,13787.6,14119.6,14654.3,15725.8,15447.7,15634.6,15431.2,16288.2,18305.2,20316.8,20283.7,20261.5,18865.9,18808.0,20125.6,20996.1,22342.8,21772.8,22897.1,25546.2,26104.6,26875.2,26606.9,28410.2,30912.2,32837.8,33096.9,31833.7,32282.5,31354.7,31521.9,30742.6,28077.3,30937.8,32439.9,33513.1,34824.0,37146.8,36536.7,37535.4,37840.6,37964.6,36525.1,35341.8,34333.4,35754.8,34582.9,33595.4,32899.8,30411.3,29246.7,26999.2,25853.0,29287.2,30128.8,30429.8,29597.9,36337.3,37829.3,37638.8,36933.2,37444.0
Luxembourg,,88,25.6,37.3,53.6,87.0,97.6,111.9,121.7,77.9,82.7,80.3,75.0,48.8,53.6,65.0,62.0,79.9,79.4,80.1,65.0,57.6,58.8,59.8,60.7,67.4,73.9,79.8,84.8,91.0,89.1,97.0,99.8,115.9,120.0,121.1,123.9,124.5,121.2,127.5,146.0,166.5,152.5,158.7,175.3,182.9,166.7,183.9,179.5,185.3,200.2,214.8,217.9,222.4,279.0,248.9,263.3,276.6,279.9,274.0,284.2,212.5,210.3,265.1,229.0,223.0,231.0,247.9,292.1,275.8,366.5,377.3,420.1,455.8,406.4,543.4,662.5,849.4
Malta,,†?,...,...,...,...,...,...,...,...,...,...,...,...,...,...,...,...,...,...,...,...,...,...,...,...,...,...,...,...,...,...,...,...,...,...,...,...,35.8,37.5,46.0,42.2,42.0,36.9,37.6,44.8,47.6,51.1,51.1,54.7,53.1,48.7,47.2,45.8,48.9,48.3,49.9,52.6,66.4,53.9,54.0,55.4,60.3,61.9,54.5,51.5,53.1,55.6,60.3,69.2,72.5,70.9,88.3,92.6,89.6,85.3,112.6,106.3
Netherlands,,,4110.5,4996.7,5251.5,6207.8,6588.9,7540.6,7940.8,8504.9,7977.0,7007.6,6300.6,7070.0,8130.5,8631.5,8815.7,9614.5,9268.5,9002.4,9977.1,9862.0,10309.1,10556.1,11039.7,11387.1,11564.6,12095.2,12714.2,12549.8,13986.8,13516.7,14333.2,13945.4,14087.8,15189.0,13924.3,14158.5,14000.6,14200.6,14457.6,14401.6,14537.8,14128.7,13735.0,13657.0,12549.7,12102.4,11758.8,11834.3,11718.2,11679.0,12252.6,11764.2,12074.1,12060.9,12235.2,12324.0,12345.7,12928.7,13102.9,12876.5,13154.4,12600.5,12177.1,11442.4,10657.8,10672.6,10646.8,11192.5,11437.1,12401.9,13754.5,14546.0,15022.0,14540.7,16624.8,22439.2
Norway,,,938.2,823.7,1139.3,1519.9,1912.7,1958.3,1620.9,1583.6,1672.1,1556.3,1646.8,1567.7,1705.2,1883.7,1962.1,1989.7,2305.9,2292.1,2363.9,2505.7,2644.7,2652.0,2718.9,2718.0,2737.4,2811.0,3048.7,3121.4,3185.1,3401.6,3487.7,3521.0,3559.3,3698.2,3859.3,3717.1,4282.5,4147.2,4413.4,4206.3,4318.0,4352.9,4221.2,4574.5,4262.9,4482.3,4047.9,4103.4,4035.2,4302.6,4324.1,4180.5,4208.0,5056.8,4861.7,4985.0,4690.1,4681.1,4980.1,5008.0,5313.3,5230.3,5328.9,5426.0,5552.0,5792.6,5750.4,5968.1,6586.8,6939.5,7342.4,7438.9,7656.3,8348.2,8797.8,10285.5
Portugal,,,633.5,681.6,708.0,773.3,895.0,940.9,1006.5,999.2,1026.3,1049.4,1178.0,1225.5,1964.7,2233.4,2181.5,2378.0,2379.4,2507.1,3077.0,3239.3,3040.6,3383.4,3689.9,3697.3,3494.5,4096.8,2696.4,2159.6,1989.4,2009.5,2042.3,2213.9,2204.0,2207.4,2122.4,1975.2,1998.4,2247.4,2338.8,2597.1,2725.9,2802.4,2888.6,2966.2,2871.5,2793.4,3000.0,2894.1,2952.1,2891.0,3041.1,3131.7,3258.4,3347.3,3252.0,3478.7,3748.4,3616.7,3395.3,3471.1,3714.3,3638.4,3449.8,3023.2,3130.9,2891.7,3031.6,3632.6,3022.4,3395.2,3626.1,3528.1,3989.6,3821.5,4236.2,4522.6
Spain,,89,3074.3,2882.1,2727.5,3456.9,3389.6,3406.4,3685.4,3910.8,4092.3,3590.5,3421.3,4106.7,4138.5,5054.4,4761.7,5441.1,5458.6,6561.6,6167.6,8170.8,9639.4,9719.1,9341.5,11131.9,10971.1,12145.0,11072.1,13117.6,13325.8,13874.0,14859.5,15407.7,15649.5,16206.7,18157.1,18599.6,18920.3,17688.1,18719.1,18925.3,18823.9,19094.3,18350.9,17901.7,17443.4,17623.4,17763.3,17202.5,17034.4,17877.1,19645.6,20303.5,20078.2,18611.2,18888.7,19743.8,19989.7,20644.3,21411.1,21293.4,20441.3,20573.9,18979.5,19194.7,16745.8,16721.2,17773.8,16481.0,18239.6,18944.6,19128.3,19114.5,20036.9,21595.6,23821.2,23926.4
Sweden,,,...,...,...,...,...,...,...,...,...,...,...,3707.4,3890.1,4183.3,4460.8,4689.8,4971.7,5017.9,4891.0,4896.8,5154.9,5294.7,5412.1,5583.0,5600.7,5645.0,5787.4,5784.5,5827.3,5998.3,6222.6,6078.3,5974.6,5829.6,5762.8,5842.2,5928.6,6027.0,6017.3,6113.1,6340.1,6384.1,5931.3,5834.4,5765.9,5670.7,4937.7,4268.3,5707.1,5900.5,6158.9,6347.1,6282.3,5893.2,5850.3,5505.7,5577.3,5490.5,5634.4,5011.4,4914.7,5318.8,5001.1,5105.6,5135.3,5440.7,5499.1,5571.7,5571.5,5755.4,6264.0,6519.0,7185.6,7963.0,8754.9,11718.5
Switzerland,,†¶90,...,...,...,...,...,...,...,...,4356.5,4642.1,4501.2,4215.7,4910.4,5428.4,5655.6,6128.7,6177.2,6492.3,6324.3,6024.3,6431.6,6616.6,6882.4,7011.2,6794.8,6768.1,6384.1,7232.9,6857.3,6868.6,7182.0,7143.5,7131.1,7428.7,7527.9,7606.8,8367.4,7931.2,7629.9,7971.0,8126.3,8618.5,8320.5,8079.2,7173.9,7108.8,7192.8,6806.2,6560.4,6545.0,6058.2,5967.7,5828.0,5578.5,5433.3,5332.5,5249.0,4996.4,5027.9,5150.1,5144.6,4969.4,5102.3,5008.8,5438.2,4927.1,5131.5,5337.5,5369.3,5407.4,5805.9,6305.3,5839.8,6111.8,6289.2,6483.7
United Kingdom,,91,...,35704.9,42039.7,53778.0,59747.7,56723.2,54008.7,53009.5,51188.5,49846.4,49594.4,50619.9,50570.9,51220.1,52094.8,53505.9,53666.1,53379.6,54743.9,53964.1,50996.5,52528.5,52410.9,55748.9,55933.9,55949.2,58780.4,57918.9,55391.2,57151.9,58938.5,62847.7,61562.2,67118.1,70103.1,73579.8,74271.2,73353.9,72554.0,69983.8,70599.9,70700.5,71517.2,66799.1,63747.9,61994.0,58146.5,57590.6,55545.4,55727.0,55430.0,56546.0,58785.5,62280.3,66714.6,67542.5,68174.0,68486.7,70351.3,73431.3,74607.8,73353.8,70873.9,68905.8,66386.7,65199.7,62693.3,62474.8,62588.9,63060.0,65679.5,66722.8,67749.8,68878.3,75303.4,77390.0
European Union,,†¶103,xxx,xxx,xxx,xxx,xxx,xxx,xxx,xxx,xxx,xxx,xxx,xxx,xxx,xxx,xxx,xxx,xxx,xxx,xxx,xxx,xxx,xxx,xxx,xxx,xxx,xxx,xxx,xxx,xxx,xxx,xxx,xxx,xxx,xxx,xxx,xxx,xxx,xxx,xxx,xxx,xxx,xxx,xxx,xxx,xxx,xxx,xxx,xxx,xxx,xxx,xxx,xxx,xxx,xxx,xxx,xxx,xxx,xxx,xxx,xxx,xxx,xxx,xxx,xxx,xxx,xxx,xxx,xxx,xxx,xxx,xxx,xxx,xxx,983.6,1273.8,1160.7
Middle East,,,,,,,,,,,,,,,,,,,,,,,,,,,,,,,,,,,,,,,,,,,,,,,,,,,,,,,,,,,,,,,,,,,,,,,,,,,,,,
Bahrain,,8,...,...,...,...,...,...,...,...,...,...,...,...,...,...,...,...,...,...,...,...,...,...,82.5,78.5,83.7,104.4,56.2,73.4,95.9,232.9,303.9,321.8,394.1,470.5,269.5,241.4,251.9,274.2,279.0,323.9,335.5,364.8,398.3,423.2,412.7,417.1,432.7,461.4,450.4,463.3,518.5,514.6,540.2,647.6,740.4,745.8,701.6,769.4,833.8,902.4,1009.8,1007.9,1240.9,1381.3,1524.3,1625.7,1560.2,1584.7,1591.3,1553.6,1568.4,1448.0,1490.7,1599.3,1622.4,1364.9
Egypt,,§¶,...,...,...,...,...,...,...,...,...,...,...,...,...,1358.6,1949.3,2511.6,2512.3,2155.0,2257.4,2929.6,3882.8,4598.8,5167.5,4261.2,4329.5,5763.5,5465.5,5660.7,6274.5,5103.0,3853.0,3766.0,4556.5,5038.3,5651.9,6015.3,6027.3,5472.1,4647.8,3660.6,2951.0,2906.1,2924.8,2866.3,2782.0,2917.6,2871.5,2907.8,2976.3,2996.6,3006.6,3214.1,3878.9,4379.4,4474.9,4233.7,4225.4,4323.5,4354.1,4054.9,3935.7,3934.6,3821.0,3717.9,3685.6,4023.3,4265.3,4018.4,3390.8,3331.6,3458.7,3732.6,4037.1,3898.5,3167.2,2661.3
Iran,,92,...,...,...,...,...,...,...,...,...,...,...,271.5,282.5,291.0,339.5,395.0,497.5,639.5,813.6,1067.4,1333.6,1437.2,894.8,777.6,832.4,5770.0,7846.1,8841.4,7403.8,7044.8,3924.3,3181.7,4733.9,5086.3,4770.7,4157.9,4344.9,3480.3,3192.7,2951.4,2182.8,1938.1,1747.4,1516.5,1775.9,2191.7,2150.0,2370.9,2644.6,2646.6,2676.9,2947.2,3280.8,3531.4,4121.7,5326.3,6333.6,7583.8,6973.8,6709.2,7019.8,7142.9,6164.8,6418.3,5168.7,5153.6,5479.6,6290.7,7077.9,6289.3,5262.2,5473.2,6652.0,6996.0,7390.9,6646.0
Iraq,,§¶93,...,...,...,...,...,...,...,...,0.1,0.1,0.1,0.1,0.1,0.1,0.1,0.1,0.1,0.1,0.1,0.2,0.2,0.2,0.2,0.2,0.2,0.5,0.5,0.5,0.5,0.5,...,...,...,...,...,...,...,...,...,...,...,...,...,...,...,...,...,...,...,...,...,...,...,...,...,2140.5,2889.3,2074.0,3174.1,4195.8,3999.4,4506.8,4856.4,4416.0,8142.5,7087.5,9707.6,6076.4,7547.2,6411.5,7770.8,5772.7,5559.3,5249.1,5518.9,5759.1
Israel,,94,...,...,...,413.1,392.6,480.4,668.7,1289.4,1139.2,1070.8,1135.8,1234.5,1469.1,1884.2,2251.2,2300.2,2406.4,2667.0,4345.9,5507.0,6792.7,9247.3,9996.8,10136.3,14929.9,15313.3,16919.0,15646.6,13353.3,14511.5,12912.8,13685.3,16059.7,14874.1,13241.3,14401.8,13599.1,12689.2,15510.7,15621.3,12347.3,13039.6,17714.9,13372.5,14705.3,13961.6,12972.1,13207.1,13228.9,13035.7,12764.9,13539.2,14099.4,14078.5,13848.7,14313.3,14666.6,14896.9,16705.8,16924.7,16582.1,16702.9,16809.6,17136.3,17673.3,19026.8,19293.6,20315.9,21182.4,21444.7,21572.6,22472.5,23163.3,22207.2,27498.5,45267.1
Jordan,,†,...,...,...,...,...,...,...,...,...,...,...,...,...,...,...,...,...,...,1009.0,1230.9,...,924.5,873.0,965.5,930.9,828.3,812.8,1233.4,952.2,959.6,1081.4,1005.7,1092.0,1149.7,1174.8,1131.3,1235.8,1366.9,1369.6,1290.5,1026.6,859.4,1095.4,892.6,936.5,951.4,684.9,906.5,936.3,1014.9,1040.3,1068.4,1048.9,1016.3,1172.5,1087.8,1081.4,1182.8,1661.8,1920.2,2234.5,2117.1,2080.6,1838.5,1720.7,1792.5,1885.5,2082.1,2209.0,2134.3,2198.6,2217.0,2316.1,2383.2,2450.2,2507.2
Kuwait,,95,...,...,...,...,...,...,...,...,...,...,...,...,...,...,...,...,...,...,...,...,...,...,...,697.5,874.1,2387.7,...,...,3268.7,2846.2,3189.2,3147.9,3313.8,3916.1,4199.6,4335.5,4084.8,3670.9,3608.2,4539.3,5635.0,21741.4,28334.1,14361.0,6948.4,7371.9,8085.1,6875.9,5239.0,4887.8,4749.3,5545.0,5449.6,5623.4,6060.3,6522.9,6312.7,6240.5,6628.6,6103.1,5933.4,5824.5,6655.6,7202.6,6814.6,6801.3,6850.3,7491.2,7726.2,8108.5,8299.9,7727.8,9524.8,8516.2,7755.0,7555.3
Lebanon,,§,...,...,...,...,...,...,...,...,...,...,...,...,...,...,...,...,...,...,...,...,...,...,...,...,...,...,...,...,...,...,...,1990.3,1565.3,950.1,1691.6,1993.4,1422.5,1109.5,276.2,209.8,...,667.8,636.0,1133.0,944.8,1185.1,1214.1,1065.4,893.0,860.7,1021.0,1148.3,1187.9,1105.2,1110.5,1129.1,1146.7,1138.6,1249.6,1145.1,1380.0,1475.3,1441.9,1461.5,1536.0,1768.5,1812.5,2126.3,1908.9,2046.1,1804.4,743.8,290.9,246.5,286.2,453.0
Oman,,‡96,...,...,...,...,...,...,...,...,...,...,...,...,...,...,...,...,...,...,...,...,...,...,375.4,631.6,680.3,727.1,1502.6,1607.8,1542.1,2025.8,1582.1,1581.8,1906.8,2069.8,2441.0,2858.7,3046.5,2526.2,2163.1,2147.5,2156.1,2422.3,2006.9,2403.5,2255.5,2396.8,2414.3,2280.7,2360.4,2090.5,2114.9,2518.7,2930.1,3016.7,3172.2,3570.9,4302.5,4585.5,4651.0,4416.8,4151.6,4383.5,5738.7,10311.8,9670.8,8969.3,8221.4,8565.5,7226.9,7966.9,6865.1,6414.0,5984.9,5838.5,5851.8,5911.4
Qatar,,§102,...,...,...,...,...,...,...,...,...,...,...,...,...,...,...,...,...,...,...,...,...,...,...,...,...,...,...,...,...,...,...,2317.6,3651.8,4784.4,2872.8,2746.2,4709.1,...,2576.4,2796.4,2337.6,2115.3,2294.3,...,...,...,...,...,...,...,...,...,...,1529.2,1541.8,1421.1,1500.7,1611.3,2076.3,2677.2,2365.8,2335.5,...,...,...,...,...,...,...,...,...,...,12541.1,15878.7,...,...
Saudi Arabia,,97,...,...,...,...,...,...,...,...,...,...,...,...,...,...,906.2,957.2,1372.0,2283.2,2502.6,2481.4,3039.4,3332.4,3960.8,5556.9,7175.6,...,...,...,21083.4,23904.5,30727.0,34348.7,39998.7,44562.7,36182.4,38860.1,32090.2,...,28550.3,26130.3,24691.9,31030.1,29591.6,27812.4,29476.5,25442.2,22427.1,22390.9,30407.8,35126.1,31263.6,34457.3,36702.3,32215.6,32444.6,36002.2,43476.1,49525.4,57047.1,55990.2,57539.6,59887.6,60701.1,68696.9,78710.5,92775.3,98960.6,70807.2,78949.9,81666.2,73071.8,69768.8,66265.1,72570.4,77765.3,78953.6
Syria,,§,...,...,...,...,...,...,...,...,...,...,...,...,...,...,...,...,...,...,...,...,...,...,...,...,...,...,...,...,...,...,...,...,...,...,...,...,...,...,...,...,...,...,...,...,...,...,...,...,...,...,...,...,...,...,...,...,...,...,...,...,...,...,...,...,...,...,...,...,...,...,...,...,...,...,...,...
Türkiye,,?105,...,...,...,...,1014.2,1025.7,1037.3,960.4,892.3,866.7,1031.4,1137.3,1278.7,1361.9,1399.4,1500.8,1572.4,1575.7,1697.7,1898.0,1840.1,2041.1,2338.9,2458.3,2606.4,2922.2,5110.3,5369.1,5169.7,4733.9,4200.3,4353.4,4911.7,5369.5,5080.5,4938.8,5239.6,5887.1,5622.4,4952.2,5730.0,6923.8,7117.5,7486.5,8277.2,8092.6,8313.6,9304.4,9697.1,10161.0,11219.2,10857.7,9953.5,10590.5,9848.8,9152.5,8821.3,9234.0,8903.6,9031.8,9664.1,9493.1,9574.5,9809.5,10074.2,10147.7,10442.0,12242.6,13140.2,16678.6,17729.8,15070.4,15333.9,16429.0,19577.8,21884.4
United Arab Emirates,,§98,...,...,...,...,...,...,...,...,...,...,...,...,...,...,...,...,...,...,...,...,...,...,...,...,...,...,...,...,...,...,...,...,...,...,...,...,...,...,...,...,...,...,...,...,...,...,...,...,7556.5,8910.4,9211.9,12616.7,12110.4,10866.3,11483.4,12772.6,11652.2,11568.2,12292.1,14973.8,17629.0,22108.7,24016.2,23662.1,28985.9,27352.6,...,...,...,...,...,...,...,...,...,...
"Yemen, North",,§100,...,...,...,...,...,...,...,...,...,...,...,...,...,...,...,...,...,...,...,...,...,...,...,...,...,...,...,...,...,...,...,...,...,...,...,...,...,...,...,10015.5,9631.3,xxx,xxx,xxx,xxx,xxx,xxx,xxx,xxx,xxx,xxx,xxx,xxx,xxx,xxx,xxx,xxx,xxx,xxx,xxx,xxx,xxx,xxx,xxx,xxx,xxx,xxx,xxx,xxx,xxx,xxx,xxx,xxx,xxx,xxx,xxx
Yemen,,§99,...,...,...,...,...,...,...,...,...,...,...,...,...,...,...,...,...,...,...,...,...,...,...,...,...,...,...,...,...,...,...,...,...,...,...,...,...,...,...,...,...,5945.4,5569.5,5470.2,4734.2,4856.8,3646.9,3320.0,4258.3,4089.6,4433.7,5275.8,5606.7,7100.9,7327.1,5975.7,6142.7,5747.5,6871.8,6604.8,7555.9,7499.2,6799.9,6229.4,5731.8,5514.6,...,...,...,...,...,...,...,...,...,...
