Country,1949,1950,1951,1952,1953,1954,1955,1956,1957,1958,1959,1960,1961,1962,1963,1964,1965,1966,1967,1968,1969,1970,1971,1972,1973,1974,1975,1976,1977,1978,1979,1980,1981,1982,1983,1984,1985,1986,1987,1988,1989,1990,1991,1992,1993,1994,1995,1996,1997,1998,1999,2000,2001,2002,2003,2004,2005,2006,2007,2008,2009,2010,2011,2012,2013,2014,2015,2016,2017,2018,2019,2020,2021,2022,2023,2024
Africa,,,,,,,,,,,,,,,,,,,,,,,,,,,,,,,,,,,,,,,,,,,,,,,,,,,,,,,,,,,,,,,,,,,,,,,,,,,,
North Africa,,,,,,,,,,,,,,,,,,,,,,,,,,,,,,,,,,,,,,,,,,,,,,,,,,,,,,,,,,,,,,,,,,,,,,,,,,,,
Algeria,,,,,,,,,,,,43.1,46.0,,66.4,99.9,105.5,104.5,99.2,99.2,99.2,98.8,99.9,109.9,136.8,260.2,332.3,480.6,471.7,627.9,711.7,890.2,806.6,932.5,952.4,929.3,953.3,1127.1,1197.0,1028.6,854.3,904.3,565.1,1053.3,1276.9,1334.9,1234.7,1452.4,1752.4,1911.0,1826.5,1881.2,2091.6,2100.6,2206.4,2802.2,2924.8,3094.0,3945.8,5172.3,5280.6,5671.3,8652.2,9326.3,10161.6,11863.2,10407.3,10217.1,10073.4,9583.7,10303.6,9708.3,9112.5,9145.8,18264.0,21811.2
Libya,,,,,,,,,,,5.6,5.6,7.2,16.7,18.7,21.5,29.1,58.5,79.5,95.5,143.1,242.5,243.0,202.8,298.3,431.7,287.8,326.3,479.6,729.9,853.6,1074.1,557.3,709.3,,,,,,,,,,,,,,,1252.0,1443.6,1153.5,1085.5,819.7,452.5,541.4,685.1,690.9,614.4,639.1,1100.1,,,,2987.4,3964.7,3755.7,,,,,,,,1214.9,1573.7,
Morocco,,,,,,,,23.7,35.4,41.7,41.9,41.6,48.3,53.8,74.9,70.0,63.2,67.9,70.3,90.9,85.0,88.9,111.3,140.4,185.8,241.9,413.3,577.2,731.5,772.6,896.4,1118.0,975.6,959.5,628.2,512.5,692.5,728.5,815.4,917.3,990.6,1069.7,1148.4,1228.5,1251.8,1365.3,1437.9,1447.1,1400.9,1445.0,1007.8,1043.4,1470.3,1474.9,1819.2,1937.5,2031.1,2134.6,2408.4,2945.0,3055.1,3160.8,3342.7,3402.7,4065.6,4048.6,3268.4,3327.0,3461.5,3696.9,3721.3,4831.0,5378.4,4995.0,5184.9,5517.9
Tunisia,,,,,,,,3.7,6.4,9.5,14.3,16.0,18.6,14.3,15.2,17.5,12.8,13.7,15.4,17.5,17.0,22.5,24.9,31.7,38.2,46.5,75.3,84.0,121.7,148.5,160.9,194.1,228.8,328.6,383.5,249.5,215.9,206.8,194.4,232.9,234.1,247.9,260.4,289.7,276.2,297.1,342.9,397.5,358.2,365.8,357.0,332.4,335.6,345.4,407.4,444.7,468.5,497.2,490.7,578.9,564.8,571.2,715.2,681.2,759.4,908.4,979.3,987.7,858.9,844.2,1000.9,1157.4,1250.5,1156.2,1208.2,1313.7
sub-Saharan Africa,,,,,,,,,,,,,,,,,,,,,,,,,,,,,,,,,,,,,,,,,,,,,,,,,,,,,,,,,,,,,,,,,,,,,,,,,,,,
Angola,,,,,,,,,,,,,,,,,,,,,,,,,,,,,,343.3,504.7,497.4,618.9,668.5,778.6,1066.2,1146.5,1156.5,1487.4,1469.4,1948.6,1751.2,1031.2,794.1,1774.4,595.0,233.8,159.7,456.8,170.3,1066.6,583.6,404.3,438.7,670.0,817.5,1365.1,1970.3,2032.4,3163.6,3311.2,3500.8,3639.5,4144.6,6090.8,6846.2,3608.3,2764.1,3062.9,1983.6,1470.9,993.6,981.5,1622.8,1247.8,922.1
Benin,,,,,,,,,,,,1.3,2.2,2.7,3.0,3.8,4.0,3.7,3.9,4.3,4.0,4.1,4.3,4.9,6.7,6.4,7.9,7.2,10.1,8.6,17.6,23.6,17.2,16.6,17.8,21.2,19.8,26.3,35.6,36.9,28.5,32.8,,,,,,,,,17.8,14.5,13.1,26.0,34.5,41.8,44.7,46.8,,64.7,,,,78.2,86.0,93.0,90.9,79.6,116.1,90.2,68.1,71.8,97.4,110.0,149.0,154.1
Botswana,,,,,,,,,,,,,,,,,,,,,,,,,,,,,5.7,14.3,24.4,31.8,31.2,23.6,24.5,26.1,21.0,34.3,73.8,93.7,102.8,156.3,172.3,178.0,185.7,170.4,165.9,140.6,160.5,181.1,169.6,184.7,210.3,223.5,301.0,314.0,283.8,272.9,306.5,332.4,330.1,348.7,363.3,326.9,306.4,346.3,383.7,514.5,522.4,498.1,514.7,499.0,536.6,512.7,485.6,567.8
Burkina Faso,,,,,,,,,,,,1.3,1.6,4.9,5.3,5.4,3.5,3.9,3.7,3.8,4.0,4.2,4.3,4.9,6.1,6.3,18.1,19.5,22.9,32.4,32.0,35.4,33.9,32.9,29.3,27.0,27.1,51.2,50.7,57.2,66.8,84.5,69.5,71.1,60.5,30.3,36.9,37.1,38.5,39.5,41.7,36.7,36.8,42.5,50.8,65.7,73.8,72.6,107.8,117.0,127.3,123.7,138.9,147.7,166.1,177.2,147.9,149.5,191.1,305.8,357.9,382.5,458.3,562.6,827.2,1023.7
Burundi,,,,,,,,,,,,,0.4,8.4,1.0,1.2,2.2,2.3,2.4,2.6,3.3,,2.6,3.6,5.9,7.7,8.5,10.0,14.0,17.0,20.0,27.8,30.0,36.7,34.4,29.9,32.2,34.6,30.8,34.3,37.9,39.6,42.8,39.0,36.3,41.9,42.1,50.9,61.9,58.7,50.6,42.3,53.2,44.9,43.4,44.9,49.6,44.7,46.3,43.9,,,,59.0,60.9,62.2,66.2,66.5,63.9,65.4,84.7,67.5,68.4,101.4,145.2,171.8
Cameroon,,,,,,,,,,,,,,,,,,,,,,20.3,21.5,24.9,31.6,34.6,46.8,48.5,55.2,71.4,88.4,99.9,120.2,131.6,129.9,127.2,116.2,145.4,163.1,154.4,146.9,180.6,178.2,183.8,168.2,94.5,113.6,116.9,118.7,137.2,144.7,123.0,124.3,145.6,188.5,221.1,223.1,256.9,296.7,346.6,343.3,354.1,347.5,354.4,392.8,401.5,353.8,387.4,408.2,429.9,422.3,393.3,443.3,416.6,456.6,534.9
Cape Verde,,,,,,,,,,,,,,,,,,,,,,,,,,,,,,,,,,,,3.7,3.4,4.5,5.0,5.1,,,,3.6,2.7,3.4,6.2,4.3,4.1,4.5,5.0,6.8,4.6,4.5,5.8,6.5,7.1,7.0,7.9,10.8,8.4,8.2,9.8,9.7,9.8,10.0,8.9,10.2,9.4,10.7,9.7,11.3,11.2,10.3,14.4,16.8
Central African Republic,,,,,,,,,,,,,,,,,,,,,,,,,,,,,,,,,,,,,,,,,,,21.6,23.2,19.1,10.7,13.0,12.2,,,,,,10.7,15.0,15.1,15.4,,19.1,31.5,36.0,51.6,49.9,42.7,47.9,38.4,26.7,26.8,27.5,30.5,40.8,44.3,55.5,42.0,62.5,71.2
Chad,,,,,,,,,,,,,,,,,,,,,,,,,,,,,,,,,,,39.4,40.0,37.8,48.8,34.3,77.9,56.4,34.3,,35.3,39.2,22.2,20.0,24.8,16.6,16.1,21.0,21.3,26.2,34.3,40.9,50.5,55.5,223.0,389.1,611.4,738.9,615.8,609.7,,726.5,392.4,221.0,309.6,219.1,253.2,234.7,322.9,331.0,331.7,372.8,557.7
"Congo, DR",,,,,,,,,,,,,,,58.2,49.8,78.9,78.4,45.9,50.5,72.5,102.4,101.8,94.0,102.4,189.2,173.7,120.8,161.5,215.0,190.9,152.2,71.7,147.2,78.9,53.4,40.4,67.4,28.3,214.9,67.5,45.9,43.9,85.5,469.2,,,89.3,83.8,26.6,149.3,132.9,,,78.7,137.6,165.2,205.1,205.2,160.0,122.4,183.7,238.8,332.5,374.5,341.2,491.3,395.7,295.2,295.3,352.7,362.1,306.1,371.1,794.2,899.2
"Congo, Republic",,,,,,,,,,,,,,,,,,,,,,13.1,13.7,12.7,19.4,24.1,33.5,34.3,36.6,38.0,52.6,57.4,63.5,72.4,,49.4,55.6,,100.5,,,,,125.6,109.5,,,,,,,,54.4,70.7,93.8,124.3,100.9,126.6,168.1,207.7,,218.4,,,367.1,704.9,,501.8,371.9,292.3,300.0,298.4,313.1,265.8,285.0,182.0
Cote d'Ivoire,,,,,,,,,,,,,,8.8,8.1,11.2,12.9,13.3,14.7,15.3,16.2,17.7,24.0,31.7,28.7,41.1,45.9,52.5,51.4,86.8,102.7,118.5,92.0,86.4,76.3,70.2,69.6,96.6,122.8,128.1,129.7,144.0,144.2,156.8,148.6,84.1,,102.7,93.5,,,,,,213.0,250.8,249.9,267.4,323.6,368.9,420.1,387.7,357.3,407.6,430.0,521.3,569.7,602.5,501.6,607.8,536.0,607.2,637.7,607.2,682.2,658.4
Djibouti,,,,,,,,,,,,,,,,,,,,,,,,,,,,,,0.0,0.0,1.8,5.4,29.6,30.9,31.1,31.4,30.6,30.8,31.1,31.1,31.1,31.8,33.6,31.1,30.7,29.6,24.5,26.6,26.7,26.8,26.0,26.0,33.3,41.8,37.4,44.8,49.5,34.5,36.3,,,,,,,,,,,,,,,,
Equatorial Guinea,,,,,,,,,,,,,,,,,,,,,,,,,,,,,,,,,,,,,,,,,,,,,,2.4,3.4,,,,,,,,,,,,196.3,292.8,371.9,,,,,166.5,137.3,139.2,136.2,149.5,148.6,162.4,162.8,156.8,162.2,113.1
Eritrea,,,,,,,,,,,,,,,,,,,,,,,,,,,,,,,,,,,,,,,,,,,,,107.7,80.2,125.0,152.3,92.8,263.0,272.9,230.7,166.6,150.8,181.6,,,,,,,,,,,,,,,,,,,,,
Ethiopia,,,,,,,,,15.1,16.2,15.2,15.3,18.6,20.2,27.3,36.1,42.9,43.4,37.0,34.7,34.4,34.5,36.1,41.0,48.4,74.8,125.1,128.0,135.0,178.2,276.3,359.3,367.0,387.4,408.4,423.0,429.4,439.2,476.6,614.9,781.5,785.0,529.0,255.3,163.9,148.7,122.5,126.5,225.4,458.5,703.7,617.5,349.8,288.9,278.7,311.0,342.1,345.7,360.1,388.2,339.6,303.6,332.4,366.5,345.1,414.5,442.5,490.2,513.8,517.0,536.0,754.5,1595.5,1785.6,1409.0,921.7
Gabon,,,,,,,,,,,,,,,,,,,3.0,3.0,4.4,4.6,5.5,6.7,9.4,10.5,16.8,20.1,28.9,,56.9,68.6,88.3,88.6,86.6,80.3,95.5,136.0,,,,,,,,,,,,,,91.3,90.0,94.7,108.4,125.1,118.1,130.2,,,,268.7,266.0,278.1,282.2,208.1,170.4,202.8,267.4,261.2,266.9,263.5,311.5,277.7,265.4,319.1
"Gambia, The",,,,,,,,,,,,,,,,,,,,,,,,,,,,,,,,,,,0.7,0.8,1.2,1.0,1.4,2.2,2.7,3.5,4.0,3.5,2.6,2.3,2.9,3.9,4.2,4.0,3.5,3.3,2.5,2.3,2.0,1.9,3.0,2.8,4.5,17.2,7.1,,,11.2,10.4,14.6,14.3,,,11.5,14.5,14.8,15.9,15.4,14.0,14.4
Ghana,,,,,,,,,,10.0,11.7,20.8,27.5,27.9,31.1,33.3,35.6,47.3,0.0,44.3,49.0,46.9,41.1,30.2,41.1,64.1,78.8,89.0,121.7,101.4,66.4,120.6,195.6,,71.1,44.6,63.2,51.7,43.3,22.8,22.6,27.6,41.4,41.7,41.0,37.8,49.1,44.4,45.5,57.5,59.3,50.9,32.4,37.0,53.2,56.4,64.2,75.7,126.1,113.7,118.3,122.5,234.3,337.3,255.0,252.7,190.5,161.8,189.1,218.4,233.3,239.9,298.3,229.3,285.4,268.7
Guinea,,,,,,,,,,,,,,,,,10.5,13.9,,14.2,14.7,15.1,26.3,31.7,36.1,,,,,85.2,71.0,60.3,52.5,52.3,,,,,,,,,71.8,55.7,44.0,45.9,,,44.4,45.0,55.2,46.0,87.7,98.1,84.1,81.0,,,,,,,,168.9,196.8,196.9,221.4,161.9,181.6,197.1,197.8,207.0,244.6,441.3,504.7,562.5
Guinea-Bissau,,,,,,,,,,,,,,,,,,,,,,,,,,,,,,,,,,9.4,18.1,6.5,4.7,6.1,3.9,,4.4,,,,,2.0,2.2,1.9,1.8,2.9,,9.5,6.2,6.4,7.5,,12.1,,,,13.7,17.1,17.5,24.5,21.7,21.5,17.0,15.7,19.0,21.2,22.6,24.2,25.7,24.5,25.3,
Kenya,,,,,,,,,,,,2.6,0.9,0.7,1.9,5.9,9.9,13.0,16.0,16.4,15.7,17.0,22.1,29.7,37.3,46.8,54.1,75.9,147.8,239.5,291.0,271.7,241.2,243.7,208.7,175.0,145.8,181.3,249.8,250.9,228.6,246.5,191.9,156.0,105.7,117.3,149.1,170.8,175.8,172.0,151.9,165.6,195.4,213.9,245.9,259.8,316.8,375.8,494.7,580.0,578.1,622.0,646.7,840.1,860.6,819.0,843.7,933.1,1015.4,1113.6,1116.9,1115.3,1191.0,1155.2,1053.8,1231.3
Lesotho,,,,,,,,,,,,,,,,,,,,,,,,,,,,2.3,2.8,4.0,5.4,11.6,12.4,15.0,14.1,12.3,10.7,13.4,18.1,17.0,22.6,24.2,22.3,24.2,22.1,25.9,34.4,28.3,28.7,27.8,34.1,30.6,23.4,19.6,27.4,31.4,33.6,35.2,39.8,27.4,47.4,70.7,58.2,53.2,47.9,47.7,44.0,41.5,52.6,51.1,44.8,38.6,37.0,34.7,34.4,36.3
Liberia,,,,,,,,,,,,,,,,,2.7,2.8,3.1,3.1,3.1,3.6,4.1,4.1,3.8,4.6,5.5,6.4,7.8,8.9,9.4,12.8,26.4,43.4,38.8,25.0,25.2,24.4,22.3,25.0,,,25.0,22.7,30.5,39.3,,,,,,,,,,4.5,6.5,3.9,2.9,4.9,6.7,9.0,12.5,15.2,15.1,14.5,14.8,14.7,13.3,13.2,12.9,12.9,29.7,52.2,62.5,33.8
Madagascar,,,,,,,,,,,,1.6,8.5,9.2,9.0,9.5,10.7,11.3,12.1,13.0,13.0,12.1,12.8,16.1,20.3,25.9,30.2,33.0,44.0,52.2,81.9,90.4,86.5,,,55.1,50.9,50.6,36.7,32.9,30.2,37.9,34.7,23.1,37.8,27.6,27.2,49.4,52.5,50.4,45.0,47.2,65.0,57.7,72.5,54.5,54.0,53.9,81.9,103.3,71.0,56.9,72.0,68.6,71.9,69.7,58.9,59.4,66.9,73.3,76.6,87.4,99.2,98.1,101.9,121.6
Malawi,,,,,,,,,,,,,,,,,1.8,1.8,2.1,1.9,2.0,2.1,2.3,2.7,4.7,5.3,9.4,9.2,13.6,25.6,43.0,53.1,38.5,27.0,22.2,18.8,19.8,24.7,21.6,20.2,22.8,24.3,23.7,25.2,25.7,17.1,11.0,20.2,26.4,14.5,14.4,11.7,12.7,14.8,13.1,22.0,38.2,31.1,33.6,44.5,58.8,50.0,52.8,46.2,62.9,49.5,40.8,35.7,47.4,58.4,85.2,98.9,92.6,117.5,149.6,117.6
Mali,,,,,,,,,,,,,3.9,4.3,4.4,5.2,4.6,4.6,5.1,5.3,5.7,6.2,6.3,8.3,11.0,11.6,19.1,21.8,26.1,31.0,36.2,38.3,31.6,29.5,26.8,25.4,29.8,37.5,44.3,48.0,46.1,52.2,,,44.5,29.9,40.5,39.7,40.3,41.0,43.9,43.7,44.9,49.4,66.8,77.4,86.5,96.0,110.4,142.9,144.4,146.8,161.1,148.9,153.8,218.1,309.2,362.4,460.2,481.7,475.6,593.9,652.9,582.0,785.3,929.3
Mauritania,,,,,,,,,,,,,,,,,,,,,,,,,,,,,,,,,,,,,41.1,42.5,43.7,43.0,38.9,40.2,39.4,39.4,30.2,29.5,32.0,37.9,41.6,25.6,32.0,37.9,51.9,36.3,62.4,0.0,66.7,81.9,0.0,123.3,114.8,0.0,0.0,142.3,144.2,144.8,132.9,136.1,143.8,159.0,162.4,198.5,230.9,225.4,277.2,260.1
Mauritius,,,,,,,,,,,,,,,0.3,0.3,0.3,0.3,0.3,0.3,0.3,0.4,0.5,0.5,0.6,0.8,1.1,1.3,1.4,1.8,2.5,5.5,5.3,2.8,2.9,2.6,2.4,2.9,3.6,4.7,6.3,9.2,10.5,11.4,10.8,11.9,13.4,13.0,9.8,8.5,9.0,9.4,9.0,9.5,10.9,10.9,10.9,10.8,11.6,15.6,15.3,14.9,17.5,16.7,23.2,19.7,17.1,22.0,22.6,23.0,22.1,18.5,20.2,17.9,19.9,23.0
Mozambique,,,,,,,,,,,,,,,,,,,,,,,,,,,,,39.1,76.3,78.0,92.3,99.3,103.0,116.3,136.7,148.2,170.7,83.6,63.9,79.1,84.6,71.8,59.6,59.4,72.9,33.5,36.0,42.0,49.3,56.5,55.4,50.6,53.5,59.8,77.6,62.2,57.4,68.6,83.7,84.3,99.2,118.9,139.1,157.9,173.8,134.0,110.5,129.3,196.5,217.5,288.3,310.0,417.2,404.4,450.4
Namibia,,,,,,,,,,,,,,,,,,,,,,,,,,,,,,,,,,,,,,,,,,156.9,144.8,124.6,70.2,57.0,68.2,66.5,83.7,78.9,105.8,92.4,96.8,88.0,129.4,167.0,192.1,199.6,228.2,266.3,299.5,396.5,443.6,412.2,390.0,537.5,518.2,425.4,456.1,455.6,414.1,368.2,400.2,365.6,339.4,362.4
Niger,,,,,,,,,,,,,,,,,,,,,,,,,,,7.3,8.2,11.0,14.8,17.5,17.0,14.0,12.8,12.4,10.6,10.9,14.4,13.7,,,,,,,17.5,18.4,17.4,17.3,22.0,23.6,20.1,24.8,20.7,24.6,31.6,32.8,,,53.6,53.0,66.9,83.9,148.9,106.1,145.6,,166.2,200.2,229.6,247.6,238.3,202.4,242.5,331.9,435.9
Nigeria,,,,,,,,,,,,23.4,28.3,38.6,45.5,54.3,65.9,55.7,240.0,369.0,684.5,662.3,639.3,904.1,1020.2,1351.1,3028.6,2644.4,3138.2,3022.6,3070.8,3029.9,2135.5,1651.9,1627.4,1210.9,1091.7,516.9,201.7,271.1,170.7,277.3,243.7,173.7,289.2,319.7,639.4,701.4,818.8,1149.7,491.7,368.6,570.6,896.9,587.5,640.0,674.2,776.1,971.3,1615.5,1504.5,1990.1,2384.9,2316.5,2418.8,2357.7,2065.6,1723.2,1621.2,2043.1,1860.3,2567.9,4466.4,3109.4,3101.3,1133.3
Rwanda,,,,,,,,,,,,,,,,,,,,,,,,,9.4,7.8,9.3,10.3,16.1,14.4,19.6,23.6,28.7,28.2,28.0,25.5,27.3,34.9,36.1,36.6,41.6,95.1,105.3,88.6,89.4,40.5,56.4,73.7,77.3,87.1,80.9,61.3,56.9,51.1,45.2,41.2,45.0,54.6,55.6,67.7,75.3,74.5,75.4,79.8,82.5,90.9,103.6,107.3,115.7,119.0,124.1,147.9,167.8,176.4,179.4,175.9
Senegal,,,,,,,,,,,,,,,,,,,,,,,,,,,,,,,94.4,96.5,86.8,73.1,70.6,65.1,65.0,85.5,99.9,105.3,99.6,118.2,110.0,109.8,119.9,66.1,80.9,79.8,70.8,75.1,78.3,62.4,68.9,74.4,96.9,107.6,124.4,148.6,192.8,216.9,214.8,195.7,230.2,196.7,236.7,239.9,214.8,304.8,305.4,385.1,356.8,345.6,483.2,421.0,449.0,514.9
Seychelles,,,,,,,,,,,,,,,,,,,,,,,,,,,,,,,,,,,,,7.2,9.8,11.3,12.1,13.0,14.8,16.6,20.5,12.9,11.9,11.6,10.5,11.4,10.5,11.1,10.3,11.1,11.7,12.2,15.9,14.7,14.4,15.2,11.1,8.7,7.2,8.7,9.9,13.8,30.9,18.1,21.9,22.3,21.6,23.5,19.4,40.1,24.5,33.2,26.9
Sierra Leone,,,,,,,,,,,2.2,2.0,1.9,2.0,2.2,2.4,2.5,2.5,2.9,2.7,3.3,4.0,3.8,4.2,5.0,6.8,6.5,6.0,7.1,8.1,10.8,15.9,15.8,14.1,10.2,9.9,6.3,7.2,4.6,9.0,14.4,12.4,23.2,26.7,23.3,26.5,25.0,18.6,9.5,10.1,17.0,23.3,29.9,27.1,28.5,23.0,23.6,28.0,29.1,23.6,26.4,25.1,25.5,29.8,31.7,48.8,39.2,37.4,39.6,29.6,24.6,32.6,43.4,41.8,37.8,36.4
Somalia,,,,,,,,,,,,,3.2,3.7,4.5,5.4,5.2,6.5,7.5,8.3,9.0,11.2,11.4,13.2,16.1,21.4,23.1,26.3,31.7,81.4,87.7,95.5,134.0,83.9,83.9,89.2,44.3,34.9,28.5,49.5,8.6,,,,,,,,,,,,,,,,,,,,,,,,26.1,60.3,46.6,47.7,61.8,76.6,71.7,98.2,111.0,118.7,141.0,201.9
South Africa,,,64.7,74.5,65.8,63.0,67.2,77.0,81.9,63.7,60.5,70.0,113.7,186.2,189.0,271.6,289.4,324.4,373.1,399.7,425.6,417.9,485.9,492.4,752.9,1102.3,1431.7,1677.3,2073.7,2068.0,2160.9,2661.7,3012.0,2744.7,3052.7,2770.2,2117.4,2497.9,3596.0,4263.1,4181.9,4364.5,3874.4,3677.4,3254.3,3478.6,3292.4,2591.8,2414.1,1905.7,1738.0,1891.7,1802.3,1766.1,2574.2,3099.1,3567.0,3506.1,3525.7,3285.9,3592.7,4188.2,4594.2,4489.6,4118.2,3892.5,3488.9,3139.3,3591.5,3622.9,3435.4,3231.0,3392.8,3247.4,2876.5,2836.0
South Sudan,,,,,,,,,,,,,,,,,,,,,,,,,,,,,,,,,,,,,,,,,,,,,,,,,,,,,,,,,,551.5,588.0,896.4,609.9,650.9,1052.7,988.2,982.0,1301.5,1151.9,135.3,72.4,149.1,186.5,128.9,213.2,520.4,1076.2,2027.9
Sudan,,0.0,0.0,0.0,0.1,0.1,0.1,0.1,14.1,14.4,16.6,18.7,20.5,24.8,28.1,41.9,56.4,50.3,52.3,57.7,87.0,108.3,110.0,108.0,113.2,111.4,119.5,179.2,216.5,175.9,240.0,228.0,204.0,172.2,230.8,355.4,205.3,260.0,310.3,369.3,,1177.8,1365.8,183.7,258.0,226.2,138.8,106.3,97.7,260.0,429.6,587.3,388.1,484.6,398.1,1240.8,1165.0,1647.8,2427.1,3228.0,3180.5,,,,,,2279.6,2748.5,4383.0,1047.9,722.3,934.3,375.2,,,
Eswatini,,,,,,,,,,,,,,,,,,,,,,,,,,,,,5.4,8.3,10.2,13.1,12.4,11.1,11.7,9.1,6.6,7.3,8.3,8.7,8.7,14.2,16.0,21.0,23.7,25.8,28.8,26.5,25.7,25.7,25.9,24.5,19.7,18.3,31.9,42.7,59.5,58.5,61.9,66.7,75.9,102.0,106.6,90.6,86.0,81.4,73.5,80.5,87.8,95.9,86.5,76.8,82.8,83.2,70.5,79.7
Tanzania,,,,,,,,,,,,,,,,,,,14.6,16.2,20.1,29.5,42.6,53.7,77.9,120.0,138.3,136.7,190.7,421.7,375.5,232.3,331.0,366.8,333.0,293.0,346.0,260.7,161.6,124.8,105.3,87.2,108.1,96.9,58.7,58.4,85.5,101.0,118.6,134.3,128.5,135.1,150.7,140.8,125.3,127.6,139.5,147.4,166.2,194.0,219.5,282.7,307.5,359.7,443.4,507.3,517.1,544.2,562.7,600.0,618.9,676.4,759.5,875.0,946.2,920.8
Togo,,,,,,,,,,,,,0.3,0.7,1.1,3.4,3.4,2.9,3.1,3.3,3.4,3.7,4.2,5.1,6.9,8.1,11.1,14.2,21.1,22.7,22.5,24.8,22.5,18.5,16.4,15.7,18.9,30.0,43.4,43.1,41.9,50.7,45.9,49.1,50.1,25.4,30.9,,,,,,,,28.8,31.7,33.2,,,57.0,55.1,56.8,59.0,62.9,72.4,83.1,70.0,82.0,88.4,104.4,170.6,163.9,198.8,336.6,276.3,195.3
Uganda,,,,,,,,,,,,,0.1,0.7,2.7,5.5,10.7,14.3,16.8,19.9,22.9,26.6,52.7,64.9,64.9,80.2,86.6,101.1,131.9,151.7,206.8,398.8,108.1,87.5,93.7,75.2,104.8,131.1,131.0,140.9,139.8,107.0,73.6,52.3,62.6,104.1,127.0,135.4,139.6,154.7,159.7,141.3,136.2,142.2,152.4,196.0,216.7,218.5,252.1,311.9,293.5,608.7,607.1,351.8,300.1,325.7,306.1,318.6,346.8,408.4,647.6,984.8,1066.6,924.8,976.7,1116.8
Zambia,,,,,,,,,,,,,,,,,,,,,,,,,,,,,,,,,,,,81.6,53.2,61.6,66.9,86.7,167.6,139.3,86.2,97.8,51.1,62.9,55.3,37.8,43.4,,56.1,,,,,98.3,139.5,205.9,232.3,278.1,221.0,280.2,309.1,346.3,381.3,443.6,372.4,299.5,339.7,378.0,292.1,212.1,217.6,326.1,377.2,349.7
Zimbabwe,,,,,,,,,,,,,,,,12.7,15.6,17.0,19.0,30.6,42.4,46.0,49.9,58.5,86.9,118.6,148.6,199.8,285.4,347.8,441.2,442.8,389.7,437.5,431.8,360.7,309.3,342.2,392.6,407.1,408.6,416.3,376.1,296.4,249.8,247.9,262.9,291.7,311.4,,263.4,346.3,286.7,677.0,194.8,256.1,131.4,161.7,,,,98.3,198.4,318.3,356.7,368.1,376.7,358.1,340.5,420.4,546.9,242.2,473.9,332.7,870.4,98.4
Americas,,,,,,,,,,,,,,,,,,,,,,,,,,,,,,,,,,,,,,,,,,,,,,,,,,,,,,,,,,,,,,,,,,,,,,,,,,,,
Central America and the Caribbean,,,,,,,,,,,,,,,,,,,,,,,,,,,,,,,,,,,,,,,,,,,,,,,,,,,,,,,,,,,,,,,,,,,,,,,,,,,,
Belize,,,,,,,,,,,,,,,,,,,,,,,,,,,,,,0.7,1.1,1.7,2.1,2.6,2.9,3.3,3.3,,,,4.4,4.8,4.7,5.3,6.1,7.9,8.1,8.0,9.4,,,7.1,7.5,7.8,8.6,9.5,10.7,12.3,13.8,18.7,17.3,15.3,15.4,15.2,17.8,19.9,19.7,21.7,23.1,23.3,24.4,26.0,26.7,27.8,30.6,30.1
Costa Rica,0.0,0.0,0.0,0.0,0.0,0.0,0.0,0.0,0.0,0.0,0.0,0.0,0.0,0.0,0.0,0.0,0.0,0.0,0.0,0.0,0.0,0.0,0.0,0.0,0.0,0.0,0.0,0.0,0.0,0.0,0.0,0.0,0.0,0.0,0.0,0.0,0.0,0.0,0.0,0.0,0.0,0.0,0.0,0.0,0.0,0.0,0.0,0.0,0.0,0.0,0.0,0.0,0.0,0.0,0.0,0.0,0.0,0.0,0.0,0.0,0.0,0.0,0.0,0.0,0.0,0.0,0.0,0.0,0.0,0.0,0.0,0.0,0.0,0.0,0.0,0.0
Cuba,,,,,,,,,,,,,,,,,,,,,,,,,,,,,,0.0,0.0,0.0,0.0,0.0,0.0,0.0,0.0,0.0,0.0,0.0,0.0,0.0,0.0,,0.0,,,,,,,,,,296.9,62.0,78.6,76.6,83.4,89.1,92.5,94.3,93.7,126.9,119.4,125.6,118.4,123.7,122.6,128.6,,,,,,
Dominican Republic,,,,,,,,,,39.6,,38.3,36.3,38.0,39.0,42.5,40.2,37.2,35.8,37.3,35.6,35.9,36.6,39.5,42.0,57.6,65.9,76.2,86.5,103.0,120.0,105.0,125.0,126.0,126.0,139.0,61.0,82.3,59.3,47.3,53.5,47.8,33.9,63.1,96.0,101.0,84.4,107.0,150.7,159.1,175.0,246.8,305.9,271.7,155.8,152.9,272.2,259.2,274.8,333.5,320.9,354.9,348.6,396.2,383.4,437.6,458.0,479.7,533.1,593.7,613.3,599.1,611.5,773.4,946.4,981.0
El Salvador,,,,,4.4,,,5.0,5.5,5.4,4.5,4.4,4.4,6.2,6.1,5.7,6.5,6.6,6.8,6.6,7.5,7.1,8.5,11.1,12.5,13.4,15.7,20.5,28.6,35.0,54.6,62.1,78.4,94.4,124.5,235.9,250.4,163.3,176.9,179.0,213.0,163.9,145.1,134.2,116.5,109.3,111.6,110.8,112.2,110.8,114.7,110.4,150.7,161.7,126.6,128.0,132.9,142.1,165.6,173.0,189.9,201.0,220.7,224.3,237.5,233.9,247.7,247.6,260.9,294.6,317.2,343.9,351.6,458.5,454.8,425.2
Guatemala,,,,,,,10.7,11.4,12.2,12.1,13.1,12.1,12.1,12.0,14.8,13.0,18.6,19.1,21.2,20.4,17.6,32.3,22.2,24.0,23.4,28.4,44.9,55.5,75.2,71.7,90.2,103.8,162.6,176.6,184.3,207.5,224.4,140.9,124.0,146.6,151.6,132.2,119.3,153.8,144.4,153.0,158.3,141.4,132.1,139.8,123.8,157.8,196.8,158.4,178.8,114.9,104.5,130.5,135.9,166.5,147.4,169.8,197.4,224.4,249.8,245.7,252.5,290.9,275.0,273.1,331.9,342.8,337.7,441.4,437.6,415.2
Haiti,,,,,,,,,,,,,,,,,,,,,,,,,,,,,,,,,,,,,,,,1.9,2.1,2.4,2.4,1.7,1.4,1.5,1.9,0.0,0.0,0.0,0.0,0.0,0.0,0.0,0.0,0.0,0.0,0.0,0.0,0.0,0.0,0.0,0.0,0.0,4.5,5.3,5.6,6.6,6.5,9.7,11.8,15.8,29.2,12.7,11.8,19.8
Honduras,,,2.3,2.3,2.6,2.5,3.0,3.2,4.9,5.5,5.0,3.9,3.8,3.8,3.8,5.9,6.3,6.5,6.8,7.1,7.2,9.9,11.4,15.4,16.0,16.9,21.4,23.7,31.8,43.1,49.6,57.0,60.5,67.0,70.0,81.0,94.0,105.5,122.5,132.0,138.0,67.1,47.4,,40.6,,,,,,,52.5,63.0,63.6,82.2,60.6,62.6,75.6,95.9,132.4,156.8,170.2,200.4,209.7,254.1,241.9,288.1,334.2,367.9,358.5,392.6,341.2,420.8,458.3,523.0,581.3
Jamaica,,,,,,,,,,,,,,,,,,,,,,,,,,,,27.4,30.6,,,,44.9,53.6,50.2,25.2,18.7,23.5,25.3,30.9,40.9,38.6,31.9,47.2,44.5,34.2,35.3,41.8,54.9,47.6,45.1,43.6,46.4,56.9,54.8,54.5,59.3,72.6,83.5,130.7,114.8,115.6,133.6,137.6,128.4,121.3,123.9,137.6,143.5,209.7,266.0,236.9,217.6,220.5,230.4,262.5
Mexico,34.8,41.0,46.8,49.5,55.3,50.6,55.5,59.4,67.8,70.7,71.0,84.0,86.4,99.2,112.0,120.0,119.2,130.4,133.6,148.8,180.0,176.8,191.2,242.4,300.8,407.2,504.8,531.6,437.7,518.3,679.7,810.4,1284.9,858.1,778.6,1155.9,1241.9,817.3,813.4,981.9,1153.4,1210.9,1459.1,1824.6,2123.0,2635.3,1562.6,1882.9,2184.1,2263.2,2652.9,3031.5,3229.5,3172.3,2960.5,2854.4,3123.5,3035.1,4223.0,4334.7,4514.2,4789.0,5498.5,5717.0,6473.1,6758.7,5468.8,5336.9,5062.1,5839.5,6650.8,8044.9,8680.8,10065.3,11825.9,16726.4
Nicaragua,,,,,,,,,,,,,,,,,,,,6.9,7.0,8.3,8.4,11.0,10.4,15.0,18.5,25.2,35.2,44.5,32.3,47.2,71.9,,,,,,,,,1142.5,67.7,47.2,40.2,35.4,35.1,31.5,30.3,26.3,26.9,30.8,28.2,34.8,35.3,32.6,34.1,37.3,39.5,42.7,41.7,44.3,51.5,70.1,74.5,81.4,98.9,85.1,86.7,81.6,76.9,79.3,77.9,84.2,98.6,105.3
Panama,,,,,,,,,,,,,,,,,,,,,,,,,,,,,,,,,,,,,,,103.8,102.9,101.9,73.1,78.6,78.8,95.2,101.0,96.6,101.2,118.0,104.0,111.6,0.0,0.0,0.0,0.0,0.0,0.0,0.0,0.0,0.0,0.0,0.0,0.0,0.0,0.0,0.0,0.0,0.0,0.0,0.0,0.0,0.0,0.0,0.0,0.0,0.0
Trinidad and Tobago,,,,,,,,,,,,,,,,,,,,5.1,5.3,6.2,8.6,9.1,8.9,8.6,10.7,12.6,15.4,18.3,27.2,36.9,35.2,,,,,,,,,,,,22.6,24.2,,,,,,,13.9,19.5,33.7,75.9,97.8,115.6,124.8,139.1,138.5,143.1,146.1,168.8,211.2,188.9,202.1,216.3,201.8,166.0,172.5,170.2,210.7,217.2,243.3,234.5
North America,,,,,,,,,,,,,,,,,,,,,,,,,,,,,,,,,,,,,,,,,,,,,,,,,,,,,,,,,,,,,,,,,,,,,,,,,,,,
Canada,,426.3,986.5,1748.0,1979.9,1871.3,1832.7,1901.2,1922.9,1815.6,1737.5,1702.4,1677.8,1671.3,1610.1,1657.5,1574.7,1614.4,1775.5,1797.3,1770.1,1889.2,2077.7,2233.7,2363.1,2809.5,3180.9,3581.8,3752.2,3969.2,4084.1,4744.4,5141.1,6017.3,6947.1,7349.8,7460.6,7780.1,8694.4,9897.3,10747.1,11414.6,11338.5,10788.8,10268.8,9577.4,9176.9,8615.9,7945.1,7748.6,8210.8,8299.4,8375.6,8495.4,9958.2,11336.5,12988.1,14809.9,17417.1,19342.1,18936.2,19315.7,21393.7,20452.1,18515.7,17853.6,17937.6,17782.8,22269.7,22729.3,22394.9,23082.8,25362.2,25567.9,27227.7,29346.9
United States of America,14088.2,14927.0,34491.6,49660.7,51516.8,44640.1,42120.5,43312.0,46072.6,47050.2,47819.2,47346.6,49879.8,54650.9,54561.2,53432.3,54561.8,66442.8,78398.4,84329.0,84990.2,83408.0,78238.0,80708.1,81469.8,89278.9,92080.9,94715.3,104665.2,113382.1,126879.9,143688.4,176558.9,221673.5,223427.2,245149.2,272163.2,295546.2,304086.6,309661.3,321866.6,325129.3,299372.8,325033.7,316719.4,308084.0,295853.1,287960.7,293167.8,290996.1,298094.9,320086.3,331805.6,378463.1,440532.1,492999.4,533203.0,558335.0,589586.0,656756.0,705917.0,738005.0,752288.0,725205.0,679229.0,647789.0,633829.6,639856.4,646752.9,682491.4,734344.1,778397.2,806230.2,860692.2,916014.7,997309.0
South America,,,,,,,,,,,,,,,,,,,,,,,,,,,,,,,,,,,,,,,,,,,,,,,,,,,,,,,,,,,,,,,,,,,,,,,,,,,,
Argentina,0.0,0.0,0.0,0.0,0.0,0.0,0.0,0.0,0.0,0.0,0.0,0.0,0.0,305.2,242.2,245.7,252.4,279.2,251.9,337.1,442.9,445.7,519.7,766.0,1294.0,1626.0,798.4,2050.2,2058.2,3104.0,5057.1,6477.4,5882.8,2279.9,2848.1,2527.7,2027.2,2449.5,2485.7,2696.3,1440.9,2050.9,2858.8,3254.5,3368.6,3754.7,3802.0,3379.1,3340.7,3398.7,3461.7,3266.6,3183.6,1114.2,1374.9,1465.8,1699.6,1847.6,2296.4,2789.0,2981.9,3475.3,4051.9,4563.2,5138.0,4979.4,5482.6,4509.6,5459.6,3842.9,3132.7,2830.9,3073.4,4338.3,4882.4,4177.6
Bolivia,,,,,9.1,,25.0,1.3,2.9,,,,4.9,5.2,6.4,,,,,11.6,12.3,16.8,15.9,20.7,21.1,39.8,58.3,66.8,73.3,97.7,119.7,159.0,238.7,123.7,90.0,144.7,131.2,92.9,103.4,92.9,101.7,137.1,143.6,141.4,109.9,134.6,140.8,147.0,180.2,228.7,176.7,173.2,188.9,157.3,173.4,166.4,164.0,167.9,195.4,365.8,305.4,547.2,403.6,499.9,564.5,625.9,580.6,519.3,574.1,602.9,593.2,510.5,536.2,429.4,588.8,655.1
Brazil,,,,,343.9,,,,605.4,411.2,383.0,382.7,342.3,387.4,442.0,354.2,632.9,718.2,746.1,755.3,816.6,1026.2,1075.1,1195.5,1512.7,1790.1,2141.1,2576.5,2499.6,2690.6,2829.2,2259.3,2517.9,3031.3,2082.7,2013.2,2687.0,2758.2,4323.7,5874.2,8761.5,9236.3,6694.7,4993.8,7099.9,10591.5,14318.9,14073.2,13934.3,14357.4,9867.0,11344.0,10930.2,9664.6,8392.9,9780.1,13588.6,16404.9,20485.8,24452.9,25648.8,34002.9,36936.2,33987.0,32874.8,32660.2,24617.7,24224.7,29261.8,28177.4,25906.9,19591.2,19187.1,20542.1,21788.3,20947.7
Chile,,87.5,107.1,109.7,136.6,102.2,142.0,136.9,117.0,115.0,91.1,126.8,160.9,162.6,152.9,150.0,168.2,186.7,182.7,173.8,180.0,388.4,651.6,745.7,1005.9,1103.2,486.7,599.8,924.0,1036.1,1312.9,1787.2,2292.3,2160.7,1497.7,1462.3,1137.6,1114.4,1166.8,1000.0,988.9,1031.5,1038.0,1168.9,1291.1,1466.0,1828.0,1904.1,2120.7,2112.4,2043.1,2103.5,1893.1,1779.6,2068.0,2687.3,3100.4,3855.4,4022.5,4641.9,3902.2,4894.1,5686.8,5466.1,5529.9,5102.8,4630.8,4796.0,5370.0,5545.8,5182.2,5246.2,5194.1,4649.3,5470.1,5105.4
Colombia,,,,,,,,,,76.1,67.7,76.0,97.3,153.6,170.0,190.0,185.2,172.6,178.5,141.2,131.6,162.7,263.9,170.6,173.9,194.9,227.9,229.1,280.1,360.7,467.7,611.2,638.6,667.9,859.8,889.7,716.7,679.5,721.3,862.4,865.2,890.0,911.5,1102.4,1529.4,2005.1,2619.3,4318.6,2988.7,3389.8,3247.3,3027.9,3264.4,3347.5,3278.4,4056.9,4914.2,5326.7,6775.8,9051.1,9033.2,10422.1,10306.6,11706.3,12503.8,11846.0,9127.2,8676.0,10018.0,10134.7,10167.5,9554.1,10180.1,9661.0,10779.2,15096.3
Ecuador,,,,,12.1,,,,19.3,18.8,16.5,22.4,18.7,18.3,17.1,20.6,23.8,22.9,25.3,29.3,39.7,30.7,29.7,37.3,49.2,74.8,102.0,117.0,205.0,164.0,186.0,209.0,234.0,229.0,200.0,193.0,284.0,207.0,207.0,198.0,189.0,202.0,209.0,211.0,276.0,291.0,475.0,419.0,499.0,549.0,296.0,266.0,384.0,505.0,739.0,710.0,954.0,950.0,1310.0,1646.0,1949.0,2094.0,2453.7,2589.8,2735.8,2786.5,2597.5,2513.2,2462.7,2549.4,2346.0,2356.3,2408.8,2586.5,2692.0,2698.0
Guyana,,,,,,,,,,,,,,,,,,,,,,,,,5.0,11.1,32.4,34.0,24.3,17.3,17.2,21.9,22.4,24.7,22.1,20.7,39.0,27.8,10.6,11.0,6.0,3.6,2.0,3.6,4.4,5.5,5.7,5.6,,,,12.6,14.4,16.7,16.3,22.1,18.5,19.2,25.0,30.5,31.1,31.1,32.4,33.5,35.2,39.3,46.4,51.6,59.5,61.7,67.2,76.5,76.5,88.2,109.7,201.8
Paraguay,,,,,,,,,,,,7.1,7.2,8.3,9.2,9.8,11.7,13.6,14.9,16.6,17.9,19.3,20.8,28.9,30.9,31.4,43.5,46.8,55.5,69.5,63.5,89.3,131.9,208.0,221.2,173.0,158.4,191.4,116.9,178.4,98.1,112.2,197.6,169.6,157.9,161.1,206.9,202.0,168.0,139.3,116.6,110.2,91.3,69.9,63.5,84.5,77.5,106.6,132.4,168.2,168.5,204.6,285.1,320.9,371.2,398.4,386.5,343.2,348.2,386.6,375.8,364.3,372.6,365.7,397.6,414.0
Peru,23.9,28.7,35.7,35.7,31.6,35.5,41.6,49.6,51.8,44.8,42.3,49.1,63.0,66.4,97.3,120.4,132.7,145.0,244.0,113.2,128.9,218.1,247.3,276.5,364.3,454.8,710.9,778.4,1031.6,665.2,520.7,948.6,994.5,1268.7,927.2,666.3,667.0,867.5,1455.2,736.6,862.7,777.1,697.7,904.6,956.6,1111.2,1413.5,1396.5,1178.8,1141.8,992.2,912.0,904.2,839.6,891.3,922.0,1203.0,1291.1,1332.7,1503.7,1848.6,2178.9,2355.2,2858.0,3305.5,3217.6,3312.2,2536.1,2665.8,2648.7,2766.8,2653.6,2657.5,2799.2,3308.6,2565.3
Uruguay,,,,,,,,,,,,,,,,,,,,,,,,51.4,112.5,187.6,156.5,133.2,160.5,185.9,279.4,477.3,709.7,599.1,274.6,221.9,203.6,242.3,223.9,260.0,297.8,328.4,268.6,367.0,418.9,450.4,523.9,575.7,575.2,573.2,574.3,556.0,523.0,344.3,269.5,279.3,347.3,392.8,416.0,567.7,577.1,755.7,824.8,924.6,1045.1,1034.5,969.9,988.2,1165.7,1271.1,1154.9,1091.5,1258.2,1297.9,1511.4,1736.8
Venezuela,,,,,,,142.9,173.4,228.9,251.9,225.7,234.4,114.6,203.9,245.4,200.5,227.3,238.6,270.5,272.7,263.6,272.7,352.3,404.7,420.9,602.3,711.6,593.0,748.8,827.9,925.6,1002.3,1009.3,1523.3,2007.0,1325.4,820.0,1004.5,765.5,1096.6,1196.3,737.9,983.7,992.9,1288.0,939.7,1198.8,733.2,1541.0,1451.0,1408.1,1788.3,1911.4,1071.4,987.9,1448.7,2665.4,3630.1,4351.6,5660.5,4055.4,3991.2,3577.5,5114.8,6199.7,1554.7,320.5,218.2,2127.9,763.6,4.1,2.6,2.0,4.6,3.9,0.0
Asia & Oceania,,,,,,,,,,,,,,,,,,,,,,,,,,,,,,,,,,,,,,,,,,,,,,,,,,,,,,,,,,,,,,,,,,,,,,,,,,,,
Oceania,,,,,,,,,,,,,,,,,,,,,,,,,,,,,,,,,,,,,,,,,,,,,,,,,,,,,,,,,,,,,,,,,,,,,,,,,,,,
Australia,0.0,170.8,294.0,440.2,462.0,417.2,432.3,445.2,437.9,439.6,450.2,459.8,471.0,489.4,553.3,655.8,787.4,986.7,1197.8,1321.6,1314.9,1277.4,1331.8,1484.4,1855.7,2127.3,2268.7,2441.1,2500.5,2816.3,3100.7,3657.9,4323.6,4459.5,4511.7,4925.3,4386.9,4606.7,5057.1,5836.3,6300.0,6704.2,7023.5,6882.1,6733.8,7459.7,7665.9,8202.8,7936.9,7107.5,7770.3,7273.8,7043.1,7946.8,9926.6,11995.2,13237.8,14239.8,17186.4,18633.1,18960.1,23217.7,26597.2,26216.6,24825.3,25783.7,24046.2,26382.9,27691.1,26839.8,26079.3,27300.9,32718.1,32445.3,32388.0,33819.6
Fiji,,,,,,,,,,,,,,,,,,,,0.3,0.3,0.4,0.5,0.8,0.9,1.4,2.1,2.8,3.7,7.2,9.6,10.4,11.4,14.9,15.1,15.6,14.0,14.6,25.1,24.7,29.1,30.5,32.5,30.5,32.0,33.7,34.7,32.9,31.0,22.6,23.8,32.0,32.8,30.9,37.3,46.8,43.1,54.1,75.6,53.6,51.3,50.4,60.8,59.2,58.1,74.8,42.6,54.4,75.3,81.4,79.0,71.2,68.7,68.1,73.3,77.6
New Zealand,,,,,,,,90.4,89.0,91.8,97.9,101.2,96.7,96.3,100.0,123.4,127.0,148.2,149.6,135.5,147.6,171.9,180.8,206.2,246.3,291.4,292.3,271.7,307.4,388.6,436.9,676.9,660.4,608.8,567.6,530.3,529.2,691.1,925.8,961.8,959.6,1057.7,989.0,870.4,866.8,979.5,1146.4,1238.3,1180.9,969.4,970.3,858.4,796.6,865.8,1091.1,1193.5,1290.6,1359.5,1591.7,1535.0,1462.0,1756.9,1937.7,1953.1,1952.4,1994.8,1734.8,1921.8,2145.3,2302.3,2726.2,2810.2,2905.6,2829.1,3029.0,2998.5
Papua New Guinea,,,,,,,,,,,,,,,,,,,,,,,,,,,7.9,22.0,22.3,27.4,30.2,38.8,38.2,,,,34.3,37.5,42.4,46.3,53.1,68.7,52.6,58.6,68.6,83.3,56.4,78.7,79.6,49.7,35.7,33.6,25.2,17.0,19.3,24.4,30.5,31.3,39.3,39.3,52.0,46.3,64.2,110.6,105.1,112.4,99.8,79.1,80.9,80.0,91.7,93.5,87.8,132.8,97.0,91.0
South Asia,,,,,,,,,,,,,,,,,,,,,,,,,,,,,,,,,,,,,,,,,,,,,,,,,,,,,,,,,,,,,,,,,,,,,,,,,,,,
Afghanistan,,,,,,,,,,,,,,,,,,,,,,2.9,,,3.3,3.6,4.2,5.4,6.1,,,,,,,,,,,,,,,,,,,,,,,,,,,125.1,122.7,131.3,219.6,240.5,251.9,298.1,325.8,238.6,217.2,268.2,199.5,185.9,191.4,198.1,226.3,279.6,278.3,,,
Bangladesh,,,,,,,,,,,,,,,,,,,,,,,,,48.6,72.3,80.8,105.3,128.5,134.9,136.3,167.3,174.1,184.7,231.8,244.3,224.9,248.8,288.3,332.0,378.8,373.0,381.7,427.7,471.0,547.4,620.1,639.0,681.9,701.6,737.4,740.8,705.5,681.8,719.4,770.6,773.7,829.7,953.5,1030.0,1258.8,1624.6,1801.5,1823.4,2048.0,2356.0,2815.3,3239.8,3266.0,3649.6,4348.5,4651.2,4849.9,4214.4,3782.8,4034.6
India,,,,,,,,518.4,654.9,687.5,663.4,681.8,748.4,1065.4,1795.4,1986.7,2126.0,1661.2,1487.7,1586.9,1691.4,1833.0,2255.3,2497.2,2529.9,2895.4,3323.6,3294.9,3477.1,3975.8,4589.7,5420.8,5879.0,6302.1,6830.8,6956.7,7567.0,9539.4,10877.4,11346.4,10589.8,10537.0,8622.5,8083.2,8253.5,8880.6,9754.5,9904.7,11464.9,11920.6,13895.6,14287.5,14600.6,14749.7,16334.0,20238.6,23072.3,23951.9,28254.8,33002.4,38722.2,46090.4,49633.8,47216.9,47403.5,50914.1,51295.5,56637.6,64559.4,66257.8,71468.9,72937.1,76348.5,79976.8,82293.3,86126.0
Nepal,,,,,,,,,,,,,,,,,,,,,,5.2,5.9,6.5,7.2,8.4,10.5,11.9,13.2,14.9,17.3,20.1,22.0,25.5,29.1,29.2,30.5,31.1,33.9,35.8,36.3,37.9,35.4,37.6,37.0,39.3,39.8,39.5,42.6,42.3,47.5,51.4,64.7,85.4,102.9,130.7,159.3,157.2,169.6,187.1,209.7,255.0,284.5,256.7,281.0,328.1,323.8,356.5,436.7,429.4,428.7,434.4,453.3,454.5,436.5,426.5
Pakistan,,,249.7,287.4,251.1,216.6,204.4,169.4,153.4,164.6,187.4,208.8,210.1,200.3,219.7,257.9,439.6,549.7,478.3,492.6,552.7,635.3,739.4,478.2,477.6,609.2,771.2,833.2,913.6,1031.9,1181.8,1429.3,1737.4,1852.7,1986.0,2114.4,2144.0,2282.6,2500.2,2721.7,2580.1,2810.1,3067.1,3388.8,3308.8,3320.6,3665.9,3547.8,3320.2,3218.9,3080.8,2973.1,2842.0,3273.4,3722.8,4128.2,4587.1,4969.2,5342.6,5226.7,5274.6,5974.6,6954.8,7478.8,7655.7,8676.5,9506.4,10004.7,11378.2,11537.4,10223.1,10241.0,11649.4,10358.1,8626.2,10166.0
Sri Lanka,,,2.5,3.2,4.4,7.0,6.4,7.7,10.7,15.5,16.8,16.7,17.1,15.8,13.9,13.9,14.5,15.3,15.7,14.3,15.9,21.0,32.3,,25.1,28.4,30.5,23.7,28.1,21.9,28.1,30.8,27.7,26.0,46.0,55.8,188.9,172.7,226.7,165.5,125.7,187.0,277.4,326.8,354.8,437.0,763.7,767.1,698.8,733.4,631.0,822.1,675.0,571.7,541.7,619.3,644.2,791.5,1054.8,1511.4,1522.2,1532.0,1753.3,1474.9,1600.8,1914.6,2057.9,1741.5,1866.5,1638.9,1560.1,1486.4,1539.7,1002.0,1165.8,1333.3
East Asia,,,,,,,,,,,,,,,,,,,,,,,,,,,,,,,,,,,,,,,,,,,,,,,,,,,,,,,,,,,,,,,,,,,,,,,,,,,,
China,,,,,,,,,,,,,,,,,,,,,,,,,,,,,,,,,,,,,,,,,11251.3,9926.3,9802.4,12244.3,12360.2,9867.1,12385.1,14275.4,15699.6,17031.8,20473.9,22237.1,26561.5,30284.1,33144.0,37904.6,42790.0,51453.4,62136.6,78840.8,96601.7,105522.6,125286.4,145127.6,164070.5,182109.2,196538.8,198538.4,210443.0,232530.6,240332.6,257973.4,285930.5,291958.4,296821.4,313658.3
Japan,,,,356.5,395.8,475.0,488.9,456.9,451.4,459.0,463.2,480.6,492.4,538.2,629.9,718.1,821.4,932.4,1039.0,1168.2,1335.4,1575.3,1896.5,2567.5,3374.6,3962.2,4534.9,5008.4,6157.3,8657.1,9173.6,9711.7,10851.2,10193.9,11429.3,12225.1,13087.8,19457.3,23642.3,28216.1,27966.4,28800.5,32785.4,35999.1,41353.9,45285.6,49961.7,44047.1,40634.8,37849.0,43122.9,45509.7,40758.0,39333.7,42486.2,45339.8,44300.6,41552.6,40530.0,46361.5,51465.2,54655.5,60762.2,60011.5,49023.9,46903.5,42106.1,46471.3,45058.5,48535.9,50778.0,51396.5,53602.0,43198.2,48189.1,55273.9
"Korea, North",,,,,,,,,,,,,,,,,,,,,,,,,,,,,,,,,,,,,,0.0,0.0,0.0,0.0,0.0,0.0,0.0,0.0,0.0,,0.0,,0.0,0.0,0.0,0.0,0.0,0.0,0.0,0.0,0.0,0.0,0.0,0.0,0.0,0.0,0.0,0.0,0.0,869.6,912.6,961.5,1604.4,,,,,,
"Korea, South",,108.4,,64.8,62.2,213.3,141.2,250.0,266.0,302.0,330.0,275.6,157.1,186.2,185.4,137.5,132.1,176.9,218.1,278.7,347.0,386.4,460.9,532.0,544.8,853.0,1031.0,1708.7,2237.6,3190.1,3543.4,3980.7,4463.8,4646.5,4714.2,4759.4,4883.8,5325.3,6040.8,7732.4,9469.0,10110.7,10956.5,11614.7,12377.4,13519.3,16085.1,16408.7,14848.5,10458.0,12095.2,13801.1,12941.9,14101.7,15847.0,17829.9,22159.5,25177.2,27726.1,26072.4,24575.7,28175.2,30991.7,31951.8,34311.2,37552.3,36570.8,36885.3,39170.7,43070.0,44102.2,46117.1,50873.8,46365.4,47801.9,47571.3
Mongolia,,,,,,,,,,,,,,,,,,,,,,,,,,,,,,,,,,,,,,,0.0,0.0,0.0,0.0,110.8,33.0,14.1,16.4,21.3,21.6,18.7,19.9,18.0,24.3,23.1,25.3,24.3,27.7,29.8,39.2,56.6,66.7,37.6,54.9,87.2,113.6,103.5,105.1,101.7,96.4,87.5,88.2,94.0,95.6,97.2,89.8,111.5,180.8
Taiwan,,,,,,,,,,,,,,,,,,,,,,,,,,,,0.0,0.0,0.0,0.0,0.0,0.0,0.0,0.0,0.0,0.0,0.0,0.0,7110.1,8142.2,8701.1,9304.5,10071.1,11653.5,11953.4,11470.2,11765.2,11325.1,9231.6,8746.6,8800.6,7982.2,7531.5,7472.8,7833.2,8011.3,7645.0,8157.2,8960.2,9122.8,9092.3,9998.2,10496.8,9964.3,9802.4,9803.3,9663.7,10480.0,10504.8,10993.2,12029.6,13932.7,15261.4,16344.6,16475.0
South East Asia,,,,,,,,,,,,,,,,,,,,,,,,,,,,,,,,,,,,,,,,,,,,,,,,,,,,,,,,,,,,,,,,,,,,,,,,,,,,
Brunei,,,,,,,,,,,,,,,,,,,,,,,9.9,10.3,14.2,21.8,41.3,67.7,71.7,89.2,171.5,142.4,155.3,169.0,117.1,97.4,101.8,110.2,104.5,178.4,186.1,231.2,245.4,251.7,233.9,261.9,285.7,328.4,369.1,294.0,258.4,244.2,217.7,226.2,243.4,199.4,248.6,293.4,323.1,362.0,349.8,390.7,415.4,411.3,412.1,527.8,424.0,403.4,346.7,357.7,414.7,436.5,453.3,435.9,448.9,558.6
Cambodia,,,,,,,,,,,,,,,,,,,,,,,,,,,,,,,,,,,,,,0.0,0.0,0.0,0.0,29.1,43.3,62.3,44.6,107.3,123.1,113.6,103.4,83.3,88.2,81.0,70.8,65.2,67.5,69.2,71.0,75.9,79.0,82.6,136.6,167.9,192.2,217.3,243.5,278.0,325.2,382.2,458.3,543.2,595.4,621.3,630.4,618.7,668.0,720.5
Indonesia,,,,,,,,,,,,,,,,,,,,,,,,,,698.2,1063.9,1275.3,1468.7,1627.7,1552.4,2114.5,2654.1,2741.1,2047.3,2002.3,1923.3,1734.6,1347.6,1356.7,1409.6,1614.0,1697.0,1887.6,1933.3,2239.7,2478.8,2874.8,3231.4,972.7,1135.1,1129.5,919.0,1369.9,2134.7,2428.9,2146.3,2611.9,3348.8,3232.2,3304.5,4663.4,5838.0,6531.1,8384.0,6929.2,7595.0,7396.6,8797.5,7493.7,8154.2,9387.0,8802.5,10133.9,11258.8,11042.8
Laos,,,,,,,,,,,,,,,,,,,35.5,35.5,36.1,38.0,39.1,20.3,21.2,,,,,,,,,,,,,,,,,,,102.3,107.6,116.1,103.7,78.4,67.1,33.4,15.4,13.7,12.6,11.4,11.0,11.5,12.0,13.4,14.8,16.3,14.0,15.4,19.0,20.3,22.7,,,,,,,,,,,
Malaysia,,,38.2,63.0,82.3,72.2,62.7,57.8,62.7,65.0,55.5,51.3,42.5,43.8,60.8,84.6,118.6,148.6,143.4,148.3,143.7,199.6,228.0,251.1,296.7,397.2,440.7,439.9,637.9,607.1,778.6,1035.9,1446.5,1438.3,1342.4,1273.7,1076.9,894.1,1334.7,855.7,1019.3,1125.0,1572.0,1766.5,1923.4,2120.6,2444.1,2421.0,2089.1,1158.7,1663.3,1533.2,1934.5,2237.9,2881.6,2823.2,3120.3,3266.2,3970.5,4411.8,3964.8,3854.3,4692.5,4507.3,4915.7,4919.2,4532.1,4169.4,3494.8,3445.0,3265.3,3374.6,3675.5,3673.8,3925.4,4312.9
Myanmar,,,32.1,46.7,64.9,77.6,71.0,75.0,79.4,85.4,86.3,89.5,85.6,90.7,100.3,97.9,107.2,105.5,102.0,104.6,114.4,122.8,127.8,117.2,152.5,160.0,138.9,155.1,169.3,183.4,190.9,202.1,205.3,195.4,192.2,188.7,196.8,231.8,203.7,255.3,550.2,814.0,942.7,1370.5,2061.8,2802.0,3932.1,4675.4,4780.5,5873.1,6950.1,9030.6,9464.4,11000.4,24189.1,29853.9,32954.3,,,,,,,2969.2,2367.0,2372.9,2552.4,2455.8,2222.0,1529.4,1532.1,2498.2,2642.7,2489.9,2493.5,5011.3
Philippines,,,,,,,,,,117.8,120.5,123.8,128.7,82.9,94.2,93.6,93.1,109.6,129.5,153.8,189.2,155.1,161.3,196.3,301.2,521.5,,714.8,754.4,622.7,874.3,879.3,982.3,964.6,800.2,513.5,609.3,593.8,652.4,931.6,954.9,951.5,913.2,1078.8,1173.0,1392.2,1700.4,1879.3,1576.4,1225.6,1341.0,1303.1,1122.1,1199.1,1301.3,1243.2,1372.7,1607.3,2014.4,2270.9,2115.8,2438.2,2701.5,2898.7,3377.0,3103.1,3335.6,3331.5,3836.5,4107.4,4268.1,4693.1,5546.1,5321.9,5142.6,6117.5
Singapore,,,,,,,,,,,,,,,,,,,,,,103.6,128.1,150.0,198.9,225.9,269.2,306.3,380.5,418.9,452.2,560.1,681.0,738.3,732.9,918.6,1049.6,1021.2,1052.4,1205.9,1410.5,1801.9,2022.8,2332.1,2481.4,2797.2,3672.8,4100.2,4457.3,4466.3,4493.2,4330.7,4309.1,4528.1,4723.7,5043.4,5463.8,5830.5,6518.5,7454.3,7537.8,8108.9,8922.3,9171.9,9345.7,9596.6,9383.8,9873.3,10178.7,10581.9,10402.6,9801.6,11017.6,11996.6,14181.5,15061.0
Thailand,,,,,,,,,75.6,70.2,68.0,62.8,58.7,80.3,85.5,87.2,94.3,105.5,126.3,154.6,184.9,217.2,262.7,284.1,312.4,363.9,416.0,531.9,688.7,942.0,1199.0,1373.2,1415.9,1507.6,1583.0,1698.8,1629.6,1635.7,1698.7,1809.0,1939.7,2214.0,2598.3,2961.8,3156.3,3611.1,3849.0,3938.0,3264.8,2110.2,2056.8,1880.9,1720.1,1783.9,1877.5,1950.9,1867.0,2107.0,2679.9,3650.0,4339.3,5193.5,5156.7,5408.1,5555.7,5582.6,5434.0,5562.2,6115.0,6662.0,7091.2,7295.7,7123.1,6031.0,5745.7,5522.4
Timor Leste,,,,,,,,,,,,,,,,,,,,,,,,,,,,,,,,,,,,,,,,,,,,,,,,,,,,,,,,,8.2,17.1,23.7,23.7,36.5,26.4,20.5,33.4,31.7,29.6,37.0,26.2,25.4,20.6,34.4,38.5,39.2,44.3,55.1,46.4
Viet Nam,,,,,,,,,,,,,,,,,,,,,,,,,,,,,,,,,,,,,,,1315.6,1305.8,458.6,512.0,427.6,333.0,297.7,431.3,,,,,,,,,841.9,915.1,1026.4,1286.5,1784.2,2137.6,2401.5,2672.3,2686.5,3360.9,3727.2,4255.7,4562.6,5017.4,5073.9,5500.0,,,,,,
Central Asia,,,,,,,,,,,,,,,,,,,,,,,,,,,,,,,,,,,,,,,,,,,,,,,,,,,,,,,,,,,,,,,,,,,,,,,,,,,,
Kazakhstan,,,,,,,,,,,,,,,,,,,,,,,,,,,,,,,,,,,,,,,,,,,,,0.0,106.9,177.7,241.8,236.8,242.6,143.9,143.5,221.5,246.0,317.6,426.4,592.0,793.0,1359.8,1540.8,1271.9,1501.8,1804.0,2177.5,2551.1,2306.5,2046.2,1281.1,1390.6,1498.4,1853.5,1548.2,1617.8,1163.1,1164.3,1209.0
Kyrgyz Republic,,,,,,,,,,,,,,,,,,,,,,,,,,,,,,,,,,,,,,,,,,,,0.0,0.0,28.7,51.6,54.6,55.0,43.8,33.6,39.4,35.8,43.8,55.1,63.0,75.7,89.8,116.3,149.3,149.0,184.4,210.7,211.8,234.4,252.1,230.5,227.8,239.4,250.5,254.0,258.3,262.7,352.1,483.9,473.0
Tajikistan,,,,,,,,,,,,,,,,,,,,,,,,,,,,,,,,,,,,,,,,,,,,1.0,23.5,14.2,5.8,13.5,19.1,22.6,15.1,10.4,12.5,25.6,34.8,45.1,,,,52.5,47.5,53.8,71.3,76.3,,104.3,100.7,84.6,78.3,81.4,82.8,77.5,90.0,203.9,285.1,246.4
Turkmenistan,,,,,,,,,,,,,,,,,,,,,,,,,,,,,,,,,,,,,,,,,,,,,,79.6,135.6,48.5,106.2,87.5,111.9,,,,,,,,,,,,,,,,,,,,,,,,,
Uzbekistan,,,,,,,,,,,,,,,,,,,,,,,,,,,,,,,,,,,,,,,,,,,,,,86.9,112.7,172.2,217.7,,250.1,115.4,59.8,45.9,54.1,,,,,,,,,,,,,,,1440.4,,,,,,
Europe,,,,,,,,,,,,,,,,,,,,,,,,,,,,,,,,,,,,,,,,,,,,,,,,,,,,,,,,,,,,,,,,,,,,,,,,,,,,
Central Europe,,,,,,,,,,,,,,,,,,,,,,,,,,,,,,,,,,,,,,,,,,,,,,,,,,,,,,,,,,,,,,,,,,,,,,,,,,,,
Albania,,,,,,,,,,,,,,,,,,,,,,,,,,,0.0,0.0,0.0,0.0,0.0,0.0,0.0,0.0,0.0,0.0,0.0,0.0,0.0,0.0,0.0,0.0,0.0,31.6,39.3,49.6,50.9,45.7,29.8,33.6,42.8,45.4,53.2,58.6,76.1,100.9,110.1,141.0,194.8,255.7,182.7,185.9,197.0,183.2,180.0,178.1,132.4,130.9,144.4,175.9,197.2,196.6,222.8,228.7,397.6,535.5
Bosnia and Herzegovina,,,,,,,,,,,,,,,,,,,,,,,,,,,,,,,,,,,,,,,,,,,,,,,,,,,,,,241.0,202.3,200.1,173.3,178.4,195.0,233.3,242.5,219.9,211.9,197.3,197.6,190.4,162.2,157.9,156.3,172.1,165.4,167.5,209.7,184.5,197.3,216.0
Bulgaria,,,,,,,,,,,,,,,,,,,,,,,,,,,,,,,,,,,,,,,,,2071.4,794.5,232.2,255.8,282.7,242.0,311.1,213.6,244.4,320.4,357.2,351.3,406.0,456.0,569.1,620.9,667.7,715.7,990.2,1161.5,905.0,832.5,757.9,722.1,811.6,747.5,632.5,670.6,720.0,961.3,2158.6,1119.0,1275.2,1436.9,1989.7,2329.8
Croatia,,,,,,,,,,,,,,,,,,,,,,,,,,,,,,,,,,,,,,,,,,,,36.3,578.0,1472.7,1947.7,1809.9,1683.0,1341.1,1041.8,667.8,623.6,721.4,712.5,726.8,784.7,825.6,953.9,1243.4,1100.0,981.8,1090.9,953.1,962.1,1076.4,891.5,836.0,911.4,950.6,985.8,981.4,1360.3,1282.1,1439.1,1629.1
Czechia,,,,,,,,,,,,,,,,,,,,,,,,,,,,,,,,,,,,,,,,,,,,,815.6,938.3,1065.4,1123.9,988.3,1166.1,1205.9,1157.3,1182.5,1494.4,1885.7,2042.1,2439.5,2450.0,2707.7,2918.7,2718.6,2497.9,2474.3,2220.6,2148.8,2022.9,1779.9,1954.9,2077.7,2710.0,2910.3,3252.5,3935.6,4005.4,5056.3,6524.9
Czechoslovakia,,,,,,,,0.0,0.0,0.0,0.0,0.0,0.0,0.0,0.0,0.0,0.0,0.0,0.0,0.0,0.0,0.0,0.0,0.0,0.0,0.0,0.0,0.0,0.0,0.0,0.0,0.0,0.0,0.0,0.0,0.0,0.0,0.0,0.0,0.0,0.0,2334.3,0.0,0.0,,,,,,,,,,,,,,,,,,,,,,,,,,,,,,,,
Estonia,,,,,,,,,,,,,,,,,,,,,,,,,,,,,,,,,,,,,,,,,,,,0.0,13.1,25.1,36.3,41.4,53.0,59.9,73.8,78.3,93.8,122.1,171.4,205.0,204.5,236.3,372.0,429.7,353.4,332.2,389.2,436.9,479.3,512.1,463.6,497.7,537.4,614.9,637.0,718.1,748.6,818.3,1235.9,1441.9
German Democratic Republic,,,,,,,,,,,,0.0,0.0,0.0,0.0,0.0,0.0,0.0,0.0,0.0,0.0,0.0,0.0,0.0,0.0,0.0,0.0,0.0,0.0,0.0,0.0,0.0,0.0,0.0,0.0,0.0,0.0,0.0,0.0,0.0,0.0,,,,,,,,,,,,,,,,,,,,,,,,,,,,,,,,,,,
Hungary,,,,,,0.0,0.0,0.0,0.0,0.0,0.0,0.0,0.0,0.0,0.0,0.0,0.0,0.0,0.0,150.2,173.3,223.3,225.7,231.6,263.4,308.0,366.1,382.4,419.9,538.1,621.2,740.8,757.7,750.7,700.7,641.1,1025.6,765.8,823.9,1027.5,812.6,847.4,722.5,812.0,735.9,757.1,612.2,585.3,696.0,618.5,702.9,715.9,845.1,1079.2,1401.6,1532.6,1596.1,1410.1,1776.5,1867.9,1475.8,1350.8,1472.1,1322.3,1280.1,1209.8,1132.5,1288.7,1702.6,1615.6,2190.6,2768.4,2409.6,3256.8,4355.5,4734.7
Kosovo,,,,,,,,,,,,,,,,,,,,,,,,,,,,,,,,,,,,,,,,,,,,,,,,,,,,,,,,,,,,0.9,27.2,38.6,51.0,43.4,48.6,53.6,50.0,51.9,57.3,63.3,65.7,79.0,79.6,107.6,133.2,165.6
Latvia,,,,,,,,,,,,,,,,,,,,,,,,,,,,,,,,,,,,,,,,,,,,,17.7,33.9,43.6,38.2,38.0,42.2,56.6,70.0,87.0,147.2,189.1,229.4,272.6,367.8,481.5,581.8,363.8,259.7,296.8,255.7,283.6,295.7,282.7,404.6,482.5,709.4,691.9,742.0,823.1,856.1,1253.8,1425.7
Lithuania,,,,,,,,,,,,,,,,,,,,,,,,,,,,,,,,,,,,,,,,,,,,,20.8,21.1,30.5,42.3,75.6,138.2,106.5,140.4,166.9,181.5,210.8,270.8,303.8,351.6,442.0,541.4,404.8,326.3,344.6,328.6,354.9,426.9,471.2,635.4,812.1,1056.4,1093.8,1174.1,1306.8,1734.4,2162.9,2627.5
North Macedonia,,,,,,,,,,,,,,,,,,,,,,,,,,,,,,,,,,,,,,,,,,,,,,,,130.6,83.3,79.0,66.2,69.8,226.3,106.3,115.8,135.3,127.0,126.0,162.6,172.7,158.7,130.0,132.5,119.4,126.5,124.2,100.0,103.5,100.8,119.6,146.1,153.5,205.6,220.2,266.6,353.7
Montenegro,,,,,,,,,,,,,,,,,,,,,,,,,,,,,,,,,,,,,,,,,,,,,,,,,,,,,,,,,60.8,62.3,64.2,85.1,76.7,75.1,79.4,67.7,64.8,67.5,56.9,61.7,65.7,75.4,74.0,82.9,91.1,98.0,114.3,150.0
Poland,,,950.0,1525.0,2275.0,2475.0,2925.0,2900.0,2425.0,2700.0,3375.0,3550.0,4025.0,4375.0,4950.0,5200.0,5525.0,5975.0,6275.0,7225.0,7975.0,8525.0,9452.1,10054.3,12059.7,13162.7,14337.3,15572.3,17379.5,10292.6,1936.7,1506.2,1567.9,2122.0,2195.5,2313.7,2140.8,2173.6,1765.5,1783.8,1493.9,1540.7,1722.0,1881.9,2123.4,2251.9,2719.4,3083.4,3192.3,3491.0,3226.6,3146.1,3630.6,3776.2,4150.3,4778.6,5896.4,6619.4,8589.1,9349.4,7903.8,8790.2,9455.4,8986.8,9275.7,10345.2,10212.8,9164.2,9870.7,12040.7,11786.2,13718.3,15295.5,15341.3,26342.8,38000.7
Romania,,0.0,0.0,0.0,0.0,0.0,0.0,0.0,833.5,785.5,752.5,740.8,794.7,902.0,904.8,949.2,1034.0,1076.0,1123.8,1255.8,1380.0,1542.0,1618.3,1824.6,545.4,565.5,635.5,691.5,717.0,834.4,860.0,755.6,915.3,989.3,888.3,731.2,2050.0,2307.9,2272.4,2524.4,2572.1,1739.0,1377.2,831.6,722.5,936.7,983.1,874.5,1074.8,1254.2,955.3,935.6,985.7,1056.1,1250.3,1530.2,1976.0,2251.5,2607.7,3000.4,2225.1,2086.2,2379.9,2102.9,2452.5,2691.5,2580.6,2644.2,3622.1,4359.0,4613.0,5052.3,5300.5,5188.0,5628.0,8715.7
Serbia,,,,,,,,,,,,,,,,,,,,,,,,,,,,,,,,,,,,,,,,,,,,,,,,0.0,914.4,642.1,737.5,337.1,494.1,678.5,730.6,739.2,629.5,705.1,971.6,1111.6,974.3,872.3,987.0,865.1,932.2,918.6,700.2,784.6,796.4,1064.7,1178.6,1282.5,1813.0,1451.3,1796.9,2322.8
Slovakia,,,,,,,,,,,,,,,,,,,,,,,,,,,,,,,,,,,,,,,,,,,,,266.9,300.0,629.6,641.6,499.5,397.6,327.2,342.3,394.0,440.1,624.5,711.3,823.3,911.4,1139.2,1411.7,1350.3,1137.7,1064.8,1020.2,967.9,997.7,985.9,1003.0,1049.1,1296.0,1802.5,2047.2,2064.8,2085.7,2441.6,2849.2
Slovenia,,,,,,,,,,,,,,,,,,,,,,,,,,,,,,,,,,,,,,,,,,,,281.4,230.3,237.9,334.7,330.0,290.8,301.1,274.8,222.4,271.5,327.0,416.9,493.2,514.2,608.8,692.7,829.4,798.9,772.1,665.7,543.5,506.7,486.2,400.8,449.2,473.8,529.5,572.9,567.7,762.8,775.2,912.9,951.9
Yugoslavia,,,,,,,,,,0.0,0.0,0.0,0.0,0.0,0.0,0.0,0.0,0.0,0.0,0.0,0.0,0.0,0.0,0.0,0.0,0.0,0.0,0.0,0.0,0.0,0.0,0.0,0.0,0.0,0.0,0.0,0.0,0.0,0.0,0.0,0.0,0.0,,,,,,,,,,,,,,,,,,,,,,,,,,,,,,,,,,
Eastern Europe,,,,,,,,,,,,,,,,,,,,,,,,,,,,,,,,,,,,,,,,,,,,,,,,,,,,,,,,,,,,,,,,,,,,,,,,,,,,
Armenia,,,,,,,,,,,,,,,,,,,,,,,,,,,,,,,,,,,,,,,,,,,,0.0,9.8,,52.2,52.4,64.1,66.8,68.2,68.1,66.2,64.1,76.6,98.1,140.7,188.2,280.1,396.0,359.5,395.0,390.9,380.6,444.6,457.8,447.4,431.4,443.6,513.3,652.0,634.0,619.4,795.2,1326.2,1418.0
Azerbaijan,,,,,,,,,,,,,,,,,,,,,,,,,,,,,,,,,,,,,,,,,,,,11.1,77.5,43.9,66.2,71.6,92.1,107.3,120.3,119.6,132.0,139.9,176.6,228.2,304.5,717.1,946.6,1607.8,1472.9,1476.6,3080.1,3246.1,3367.6,3427.2,2900.6,1397.0,1528.9,1672.2,1854.2,2237.8,2703.2,2991.0,3561.7,3777.1
Belarus,,,,,,,,,,,,,,,,,,,,,,,,,,,,,,,,,,,,,,,,,,,,0.0,0.0,0.0,179.1,182.8,249.4,227.6,165.9,140.3,177.7,204.4,231.6,314.3,452.7,631.8,746.9,883.0,675.4,767.7,756.3,807.4,959.8,821.5,642.5,719.6,748.8,923.3,899.7,861.1,951.2,1105.2,1579.3,1491.4
Georgia,,,,,,,,,,,,,,,,,,,,,,,,,,,,,,,,,,,,,,,,,,,,,,,,67.7,44.0,41.1,25.9,18.8,23.8,34.0,42.6,70.4,214.1,404.2,931.8,1090.2,603.7,454.2,468.8,492.0,441.9,415.6,299.5,315.2,321.1,333.9,310.6,287.9,300.5,401.4,508.4,615.9
Moldova,,,,,,,,,,,,,,,,,,,,,,,,,,,,,,,,,,,,,,,,,,,,,0.0,0.0,13.3,15.4,17.4,10.6,6.0,5.1,6.0,7.0,8.2,9.4,12.0,16.4,22.7,36.8,24.9,18.3,23.0,23.9,26.7,27.6,23.1,27.4,30.9,37.4,43.0,44.5,51.3,52.3,94.4,110.7
Russia,,,,,,,,,,,,,,,,,,,,,,,,,,,,,,,,,,,,,,,0.0,0.0,0.0,0.0,,0.0,7766.7,13547.9,12741.6,15826.3,17577.4,7955.7,6469.0,9228.2,11683.2,13943.8,16973.7,20955.4,27337.0,34517.8,43535.0,56183.8,51532.1,58720.2,70237.5,81469.4,88352.9,84696.5,66421.8,69245.3,66913.0,61609.2,65201.3,61712.5,65907.7,102366.6,109203.6,148967.3
Ukraine,,,,,,,,,,,,,,,,,,,,,,,,,,,,,,,,,,,,,,,,,,,,,152.2,919.0,1046.8,1464.9,2068.6,1405.2,941.8,1136.7,1088.6,1176.4,1428.0,1685.0,2405.5,2986.5,4096.0,4811.0,3452.5,3729.5,3684.6,4136.9,4386.4,3961.6,3502.7,3423.3,3647.6,4750.2,6262.4,6838.8,6898.1,41183.9,64908.0,64705.0
USSR,,,,,,,,,,,,,,,,,,,,,,,,,,,,,,,,,,,,,,,225021.1,246011.0,218759.7,219114.1,,,,,,,,,,,,,,,,,,,,,,,,,,,,,,,,,,
Western Europe,,,,,,,,,,,,,,,,,,,,,,,,,,,,,,,,,,,,,,,,,,,,,,,,,,,,,,,,,,,,,,,,,,,,,,,,,,,,
Austria,,,,,,,,,82.6,95.8,95.8,91.6,91.0,100.0,126.0,164.6,142.9,167.8,176.8,182.1,193.2,199.5,209.3,249.4,328.9,422.5,546.7,581.4,686.9,877.5,1050.0,1152.9,969.4,995.4,992.0,949.7,1036.9,1475.4,1737.1,1714.0,1623.5,1972.7,1994.1,2139.9,2115.1,2227.6,2557.8,2457.9,2164.8,2159.8,2124.4,1925.6,1788.8,1881.7,2382.0,2679.3,2686.2,2640.2,3499.8,3746.7,3334.8,3218.4,3409.7,3187.2,3229.1,3305.2,2665.4,2885.9,3153.1,3388.0,3336.5,3840.1,4196.4,3612.7,4452.2,5258.7
Belgium,182.3,165.2,267.7,399.3,396.3,414.1,341.3,341.3,367.1,366.2,373.7,383.2,391.2,422.2,444.6,497.1,500.7,563.4,607.9,646.4,675.1,747.8,828.7,1026.6,1296.5,1482.3,1927.7,2109.6,2496.5,3166.6,3631.6,3958.6,3385.2,2891.8,2671.8,2407.4,2428.2,3404.3,4163.0,4097.1,3880.7,4644.3,4624.5,4131.3,3746.0,3944.1,4449.0,4241.9,3684.1,3664.3,3598.4,3190.8,3036.0,3147.1,3875.7,4262.7,4228.2,4307.9,5164.0,6295.8,5620.7,5244.7,5499.4,5169.0,5263.2,5191.5,4202.1,4255.5,4432.8,4840.1,4761.2,5317.5,6239.4,6890.2,7629.4,8561.5
Cyprus,,,,,,,,,,,,,,,,,,,,,,,,,,,,,,,,,,,,,30.7,48.7,199.5,243.8,245.0,411.4,418.4,630.1,268.3,298.5,298.8,448.1,534.1,483.7,290.0,281.2,327.6,242.5,288.4,338.5,380.9,387.7,405.2,453.8,471.4,477.6,479.7,414.5,384.9,357.8,327.9,295.4,359.1,450.4,463.6,483.4,541.8,532.5,558.9,598.2
Denmark,69.3,52.0,68.8,97.9,128.7,128.1,133.2,135.5,146.5,143.0,142.8,161.1,170.8,224.6,239.0,255.4,285.8,301.1,323.3,345.5,352.0,395.6,430.2,487.2,581.9,732.1,931.9,945.2,1063.1,1322.7,1529.2,1617.7,1446.1,1400.4,1375.0,1259.6,1259.3,1647.9,2141.3,2320.4,2183.7,2649.9,2671.9,2837.7,2682.0,2718.8,3118.0,3086.2,2804.3,2846.1,2784.9,2392.5,2525.2,2694.1,3199.2,3578.8,3468.5,3896.7,4175.7,4788.0,4337.4,4503.5,4518.6,4422.5,4216.6,4056.9,3364.0,3592.7,3764.0,4558.7,4487.8,4887.2,5273.7,5475.0,8132.6,9958.9
Finland,,,,,,,,,,69.1,82.5,89.6,105.4,154.4,128.6,139.9,149.6,152.9,146.7,150.1,140.3,152.9,177.6,220.8,277.0,308.8,433.2,417.0,461.9,506.9,642.6,873.5,790.9,844.9,905.2,826.1,911.3,1223.3,1462.2,1704.3,1766.6,2141.3,2201.0,2076.0,1615.4,1756.3,1909.0,2021.8,1947.0,1959.7,1653.9,1558.1,1479.3,1611.4,2475.1,2892.9,2999.4,3128.5,3296.6,3958.1,3940.6,3717.2,4099.5,3943.2,4161.1,3985.5,3399.1,3415.0,3431.1,3754.6,3635.2,3868.7,3831.6,4446.4,5928.0,6987.8
France,1211.3,1343.0,2114.5,3007.1,3284.3,2810.6,2645.0,3527.7,3623.4,3315.7,3049.9,3260.1,3469.9,3774.3,3887.5,4131.0,4304.5,4548.1,4919.0,5149.0,4964.0,4941.1,5292.0,6326.1,7976.5,8361.6,10945.2,11175.2,12634.6,15852.9,19040.5,22198.2,20047.8,18918.5,18188.5,16977.9,17455.2,23901.4,29280.5,30327.3,29665.5,35774.4,35869.1,37902.3,35775.3,37288.6,40124.0,38977.7,34697.9,33633.6,32672.7,28403.1,27951.6,30578.4,38569.1,44524.6,44442.1,45792.1,50684.5,55366.0,56441.5,52044.1,54120.9,50216.5,52001.5,53134.8,45647.5,45703.4,47628.1,51321.4,50454.5,53423.0,58734.6,54677.4,59492.0,64675.0
Germany,,,,,1381.8,1402.3,1647.1,1608.7,1999.2,1528.8,2473.3,2702.6,3060.5,4036.6,4666.9,4580.0,4664.6,4744.3,5014.6,4523.1,5126.7,5778.4,6798.3,8438.8,11185.8,12905.1,14314.8,14482.4,16213.4,20066.4,23215.1,25009.4,21638.0,20940.1,20731.7,18855.8,18665.6,25944.6,31982.6,32883.6,31485.0,39650.1,37024.4,39319.4,34868.2,34039.3,38563.2,36531.1,31122.8,31056.2,30548.0,26374.8,25695.8,27483.4,32844.5,35610.8,35654.3,35883.7,40110.9,45099.0,44528.9,43025.9,45163.2,43798.2,44242.6,44662.8,38170.0,39909.7,42281.1,46497.7,49079.4,53318.7,56513.1,56153.1,67285.2,88458.5
Greece,324.7,131.4,174.3,177.0,105.0,114.3,122.9,164.6,149.2,149.0,157.8,170.3,167.8,170.0,179.5,188.2,209.7,239.0,313.0,366.8,425.4,473.6,516.0,573.7,674.8,1050.0,1433.2,1559.9,1838.8,2118.9,2424.3,2275.6,2578.4,2638.7,2195.5,1994.3,1927.1,1998.8,2399.2,2749.6,2560.3,3193.4,3146.9,3623.1,3364.4,3587.2,4179.9,4613.2,4573.5,4824.3,5012.3,4564.5,4428.1,4734.2,5035.6,6267.5,7028.4,7607.2,8533.1,10574.1,10641.3,8163.6,7128.6,5915.0,5655.2,5531.3,4818.1,4963.5,5088.2,5757.1,5383.1,5773.3,8299.9,8745.4,7014.9,8022.0
Iceland,,,,,,,,,,,,,,,,,,,,,,,,,,,,,,,,,,,,,,,,0.0,0.0,0.0,0.0,0.0,0.0,0.0,0.0,0.0,0.0,0.0,0.0,0.0,0.0,0.0,0.0,0.0,0.0,0.0,0.0,0.0,0.0,0.0,0.0,0.0,0.0,0.0,0.0,0.0,0.0,0.0,0.0,0.0,0.0,0.0,0.0,0.0
Ireland,,,,,,,,,,23.0,24.1,25.8,27.6,29.2,30.2,36.1,39.1,38.3,39.7,37.1,41.6,51.0,63.5,84.0,98.3,111.2,154.4,152.8,171.7,217.5,290.1,362.5,327.0,342.0,310.3,284.3,301.5,409.1,435.4,453.5,434.2,594.0,624.9,674.0,597.7,633.7,702.0,751.0,765.3,742.4,741.5,694.7,767.8,811.3,965.2,1101.9,1145.0,1190.4,1372.2,1582.9,1415.7,1274.2,1300.3,1157.5,1195.8,1192.7,997.0,1001.6,1025.1,1107.1,1112.7,1144.4,1267.7,1164.3,1269.2,1330.5
Italy,467.2,501.3,648.6,739.4,681.2,770.5,782.1,828.8,867.3,918.5,952.6,1009.3,1062.9,1222.0,1463.3,1586.7,1719.9,1904.6,1928.8,1991.2,2003.8,2216.8,2648.1,3289.4,3638.2,3890.0,4217.1,3844.2,4556.5,5541.0,6904.1,7915.7,7387.7,8062.6,8409.5,8296.1,8253.4,11941.8,15653.1,17403.7,17675.5,20734.6,21585.7,22177.1,18242.0,18062.5,17185.9,20793.1,20156.1,20825.1,21016.5,19878.7,19519.4,21610.1,26824.2,30261.1,29737.6,29633.0,31982.4,36840.0,34054.5,32020.8,33828.8,29781.0,29957.4,27701.0,22180.8,25033.0,26447.9,28420.1,26380.7,32929.1,36232.7,34691.9,36933.2,37964.6
Luxembourg,2.2,3.1,4.8,7.9,8.8,10.2,11.1,7.1,7.9,7.7,7.3,4.8,5.2,6.4,6.3,8.4,8.6,9.0,7.4,6.8,7.1,7.5,8.2,10.6,13.9,16.5,20.5,23.0,25.9,33.1,38.3,47.4,41.7,37.4,37.2,34.9,34.4,48.3,66.1,77.7,68.6,87.4,97.3,111.3,97.7,113.8,128.5,127.8,121.1,129.3,127.1,115.7,144.7,138.6,179.5,212.0,220.2,223.3,258.4,213.9,201.4,247.7,232.2,214.6,233.7,252.1,249.5,235.6,323.1,355.3,381.8,425.2,403.3,509.9,662.5,871.6
Malta,,,,,,,,,,,,,,,,,,,,,,,,,,,,,,,,,,,,,12.9,16.5,23.1,22.4,21.3,21.2,21.7,26.7,24.6,27.9,31.1,33.3,31.1,29.1,28.0,25.4,27.1,28.4,34.1,40.5,52.5,44.4,49.3,56.0,59.1,58.7,55.9,49.9,53.8,56.5,51.8,59.7,64.2,66.9,80.3,86.3,88.0,79.0,112.6,109.3
Netherlands,231.3,237.1,278.9,329.7,350.0,416.6,447.1,487.9,485.5,435.8,396.0,454.7,551.5,603.9,637.4,735.4,750.0,770.7,883.9,905.8,1017.2,1079.9,1249.4,1522.2,1917.1,2285.4,2814.5,2898.1,3704.8,4227.0,5038.0,5269.3,4527.1,4829.5,4256.6,3977.3,3884.2,5351.0,6542.9,6728.8,6399.2,7420.8,7246.2,7904.6,7054.9,7137.4,8011.5,7829.0,6839.1,6836.1,7026.4,5971.8,6200.4,6728.2,8356.3,9377.1,9567.0,10217.8,11480.4,12374.8,12131.8,11220.5,11647.9,10364.7,10226.3,10332.6,8667.8,9115.2,9580.7,11114.9,12000.7,13085.7,14395.7,13632.4,16624.8,23179.2
Norway,67.2,50.0,80.1,116.3,149.4,159.7,133.4,135.4,146.9,143.4,155.0,148.1,165.1,191.9,205.1,219.8,265.6,272.6,293.6,322.0,350.3,388.4,428.3,491.6,607.9,710.9,912.8,977.4,1114.7,1307.5,1453.8,1668.7,1649.6,1697.5,1698.8,1554.6,1796.6,2168.2,2753.4,2894.7,2932.6,3394.9,3287.6,3803.7,3175.6,3403.3,3508.0,3537.0,3253.0,3324.9,3309.2,2922.3,2966.0,4065.9,4517.5,4887.4,4884.9,5011.7,5875.3,6370.9,6195.6,6498.7,7232.3,7144.0,7391.8,7336.8,5815.2,5997.4,6853.3,7541.1,7542.1,7225.2,8435.1,8697.8,8797.8,10435.3
Portugal,41.1,39.8,40.8,44.4,51.9,55.1,58.9,60.4,62.8,65.3,74.1,79.4,129.3,150.9,150.4,169.5,175.5,194.2,251.5,280.9,283.1,329.3,391.4,447.9,515.6,746.3,588.1,470.8,435.7,470.2,530.1,655.4,637.0,606.4,523.3,474.6,493.6,706.7,853.8,1017.9,1100.0,1416.1,1597.6,1912.7,1655.6,1641.5,2016.5,1964.2,1804.0,1763.9,1817.4,1664.7,1755.7,1965.2,2363.3,2847.2,3142.6,3153.8,3309.4,3714.8,3738.3,3540.2,3651.9,3040.0,3262.3,3002.4,2643.9,3178.3,2719.7,3245.9,3299.4,3268.0,3882.5,3566.6,4236.2,4641.6
Spain,144.5,148.7,154.5,192.0,191.3,198.1,222.9,250.4,273.8,267.8,225.5,232.8,239.3,308.8,316.5,386.8,439.4,560.9,545.9,668.8,805.7,859.1,900.6,1256.2,1521.3,1968.2,2108.2,2521.0,2808.8,3470.7,4911.0,5508.4,4977.7,4956.2,4771.0,4851.9,5077.6,6270.6,7921.5,8900.4,9302.9,11695.0,11680.3,12250.2,10041.5,10092.7,11439.9,11294.3,9865.9,10333.4,11113.7,10273.8,10222.1,10270.8,12880.5,15262.5,15997.7,17252.2,20065.7,22227.7,20178.3,19710.8,19695.4,18860.6,17243.0,17178.5,15187.2,14014.4,16043.5,17823.3,17189.3,17431.8,19544.5,20306.6,23821.2,24615.4
Sweden,,,,,,,,,,,,526.8,564.7,636.3,697.9,758.6,844.5,907.0,922.0,941.0,1017.3,1118.2,1238.8,1458.1,1702.2,1855.1,2232.3,2345.4,2560.3,2873.3,3368.1,3791.8,3490.2,2980.1,2629.0,2668.5,2795.3,3577.5,4182.4,4651.8,4880.3,5913.1,5878.8,6141.8,4752.7,4818.8,4653.4,4301.7,5085.2,5035.8,5080.8,4764.3,4283.6,4354.6,5305.6,5514.7,5518.5,5577.2,6386.2,6024.8,5063.0,5885.9,6324.7,6243.7,6528.7,6555.5,5386.9,5427.5,5526.6,5732.8,5839.6,6271.3,7582.6,7722.5,8754.9,12040.3
Switzerland,,,,,,,,,201.5,218.6,210.6,200.1,237.4,273.7,295.0,329.5,343.5,378.2,383.3,373.9,409.1,436.1,511.4,601.4,765.0,888.5,1032.0,1228.2,1226.5,1668.9,1945.0,1996.8,1810.9,1928.3,1946.0,1807.9,1966.9,2565.4,3020.4,3276.2,3082.0,4056.4,4016.8,4138.0,3611.2,3899.3,4645.4,4239.4,3498.2,3494.3,3146.8,2800.1,2763.7,2882.7,3270.3,3503.8,3484.6,3329.0,3524.7,4098.5,4055.5,4115.4,4973.9,4592.2,5032.9,4612.8,4521.1,4571.3,4628.4,4736.8,5021.9,5731.4,5485.2,5652.3,6289.2,6722.3
United Kingdom,,2603.3,3362.5,4564.7,5169.0,4999.9,4907.6,5018.7,4960.0,4967.8,4976.4,5129.9,5308.3,5597.1,5810.8,6159.9,6475.3,6692.1,6933.2,6220.5,6199.7,6792.1,7518.4,8789.2,9446.9,10450.8,12907.7,12038.8,12952.1,15897.3,20544.7,28360.2,26948.3,27714.2,26423.1,25418.8,26031.9,30432.6,34921.8,38357.2,37456.6,43545.1,47045.5,45592.6,38113.2,38569.0,38294.3,38566.1,39889.9,41222.1,40760.4,39343.7,39512.6,44245.3,52343.1,60250.8,61653.6,64217.6,73448.0,72915.4,64010.5,63979.1,66569.6,65452.5,63837.7,66995.5,59990.2,53327.4,52075.0,55832.9,56567.6,58332.4,65148.6,64069.9,75303.4,81763.2
European Union,,,,,,,,,,,,,,,,,,,,,,,,,,,,,,,,,,,,,,,,,,,,,,,,,,,,,,,,,,,,,,,,,,,,,,,,,,900.3,1273.8,1187.7
Middle East,,,,,,,,,,,,,,,,,,,,,,,,,,,,,,,,,,,,,,,,,,,,,,,,,,,,,,,,,,,,,,,,,,,,,,,,,,,,
Bahrain,,,,,,,,,,,,,,,,,,,,,,,11.6,12.5,16.8,26.3,16.4,26.3,40.4,116.1,157.2,175.1,239.4,311.2,183.5,164.9,167.6,178.2,178.2,207.4,218.1,239.4,263.3,279.3,279.3,284.6,303.2,321.8,321.8,329.8,364.4,359.0,372.3,444.1,516.0,531.9,513.3,574.2,642.6,719.9,828.2,842.8,1033.5,1182.2,1347.6,1475.3,1442.0,1505.5,1532.7,1527.7,1557.7,1404.8,1437.5,1598.1,1622.4,1384.0
Egypt,,,,,,,,,,,,,,249.7,335.8,448.5,515.2,481.8,508.3,648.6,888.9,1092.5,1266.1,1066.0,1243.9,1852.8,1926.9,2201.6,2751.1,2485.3,1152.9,1361.4,1817.1,2307.1,3004.3,3742.1,4203.6,4727.1,4805.7,4453.6,3516.3,2260.6,1345.8,1415.8,1526.2,1714.4,1948.9,2115.7,2267.7,2372.0,2448.0,2627.7,2834.3,2902.8,2383.9,2369.7,2659.4,2952.5,3306.9,3779.9,4017.4,4407.3,4464.0,4557.7,4359.8,5085.1,5475.5,4513.0,2765.6,3119.6,3743.7,4505.4,5165.4,4645.9,3167.2,2396.2
Iran,,,,,,,,,,,,98.7,105.9,109.9,128.7,155.4,200.0,256.1,331.0,437.3,566.0,620.1,402.3,371.9,480.9,3877.9,5951.0,7186.3,7617.2,8113.7,4993.8,4874.9,8121.6,9703.5,10550.4,9926.3,10706.4,11741.4,15263.4,18889.0,16301.8,16474.4,17549.6,19732.6,1448.2,1703.2,2501.5,3551.0,4642.4,5479.4,6650.3,8327.1,10378.8,3243.9,3717.1,5243.6,6796.7,8751.5,9330.9,11082.0,12584.6,13561.3,14277.7,16494.0,11997.2,9901.1,10588.8,12264.0,13931.2,11795.8,4921.1,3349.7,5699.6,7459.3,7390.9,7891.9
Iraq,,,,,,,,,83.2,86.7,100.2,118.7,125.5,135.1,163.2,185.2,225.7,235.0,234.5,291.4,376.0,401.1,426.3,466.1,665.2,1427.5,1590.2,1761.2,2007.7,1986.0,2371.7,2976.5,4086.5,,,,,,,,,,,,,,,,,,,,,,,613.7,1120.3,1236.1,1989.9,3116.3,3237.2,3752.9,4278.6,4141.1,7780.2,6923.6,9604.2,5970.4,7416.4,6318.0,7598.8,5649.4,4771.0,4691.8,5518.9,6178.5
Israel,,,139.7,172.4,75.6,57.6,84.7,173.9,163.6,159.0,171.3,190.3,241.8,210.6,259.3,278.6,313.9,375.5,605.5,690.0,872.0,1259.6,1270.7,1461.4,2574.5,3475.6,3758.3,3648.7,3180.6,3117.5,3394.5,4120.8,4700.1,4518.5,4265.4,4214.3,4004.5,4386.2,5995.6,6999.6,5550.7,6528.8,9337.6,7313.4,7752.8,7772.2,7946.0,8499.4,8580.7,8095.6,7652.6,8327.5,8504.3,7981.5,8225.3,8605.1,8921.9,9315.3,11382.2,13803.7,12754.2,13875.2,15100.1,14524.4,16247.8,17737.4,16457.1,17434.6,19357.0,19899.8,20339.2,21816.6,24341.0,23406.1,27498.5,46505.3
Jordan,,,,,,,,,45.4,48.4,59.0,56.1,55.5,60.4,61.9,61.9,62.9,76.1,104.7,127.7,,109.8,108.6,129.4,150.7,163.3,180.7,294.6,262.7,304.9,399.6,416.2,438.8,465.3,484.7,457.8,501.7,625.8,647.1,587.8,382.9,322.4,433.3,367.7,391.1,407.9,299.8,417.5,444.3,496.5,512.0,529.3,528.9,521.9,611.8,586.7,603.7,701.6,1032.4,1358.4,1568.3,1557.9,1594.8,1472.8,1444.9,1548.9,1614.9,1769.4,1939.7,1957.7,2032.1,2055.9,2176.8,2334.6,2450.2,2560.3
Kuwait,,,,,,,,,,,,,,,,,,,,,,68.7,73.4,90.7,136.6,426.4,,,748.5,738.0,881.1,950.8,1042.0,1285.1,1425.5,1465.9,1379.9,1295.6,1336.7,1704.1,2076.4,8961.5,12924.4,6316.0,2980.1,3296.1,3692.4,3241.4,2454.3,2282.2,2286.4,2697.1,2685.7,2821.5,3130.7,3450.1,3509.4,3597.8,4115.7,4430.3,4208.9,4335.2,5393.5,5941.5,5697.9,5832.1,5735.1,6446.7,6764.6,7165.3,7373.5,6941.0,9024.3,8244.1,7755.0,7792.9
Lebanon,,,,,,,12.5,18.1,18.7,21.8,20.7,22.9,27.8,40.9,33.9,38.1,44.6,51.4,57.7,65.6,65.1,64.5,66.9,106.2,103.8,179.1,165.9,173.1,126.4,252.8,346.3,503.5,373.2,246.7,492.5,474.6,227.2,148.3,37.0,39.3,,214.4,229.5,442.8,453.0,637.5,746.3,735.6,678.2,693.9,829.7,930.0,958.5,907.5,923.4,954.6,962.5,1009.0,1152.2,1169.5,1426.2,1585.4,1626.5,1757.2,1935.7,2270.1,2239.4,2606.5,2441.1,2775.6,2326.1,432.0,171.6,218.7,286.2,635.5
Oman,,,,,,,,,,,,,,,,,,,,,,,29.1,54.5,89.8,255.6,523.3,589.1,514.8,574.3,584.1,883.8,1133.5,1261.6,1457.0,1580.8,1617.7,1305.7,1139.1,1148.9,1171.5,1447.9,1254.8,1517.2,1439.9,1520.1,1513.8,1437.2,1482.1,1318.2,1340.4,1577.2,1819.9,1868.5,1969.3,2230.7,2739.0,3022.6,3244.6,3462.5,3367.5,3671.4,5000.7,9250.7,8766.3,8213.5,7533.6,7936.0,6802.7,7565.3,6551.0,6095.7,5783.6,5783.5,5851.8,5988.3
Qatar,,,,,,,,,,,,,,,,,,,,,,,,,,,,,,,,616.7,1059.5,1467.3,905.2,874.9,1528.9,,865.4,982.6,848.5,790.8,895.6,,,,,,,,,,,761.0,784.6,772.4,887.5,1065.7,1562.2,2317.5,1948.4,1876.8,,,,,,,,,,,11593.4,15412.1,,
Saudi Arabia,,,,,,,,,,71.2,72.3,140.9,71.6,84.2,113.8,123.6,177.8,300.4,336.2,338.7,429.3,471.6,587.3,930.6,1565.6,,,,11584.8,13404.1,17616.7,20724.5,24399.9,27095.8,21872.7,22672.1,17657.0,,14460.3,13354.7,12749.9,16355.5,16355.5,15360.3,16451.2,14279.7,13200.3,13340.0,18126.7,20861.6,18320.0,19964.3,21026.7,18501.9,18747.5,20910.4,25392.0,29580.5,35469.5,38222.9,41267.2,45244.5,48530.9,56497.9,67020.0,80762.4,87185.9,63672.8,70400.0,74612.3,65362.7,64558.4,63194.7,70920.0,77765.3,80330.7
Syria,,,,,,,,55.6,48.3,81.0,83.0,90.2,90.2,149.6,,112.0,118.1,102.4,118.6,190.1,194.5,199.7,177.0,260.2,388.7,537.4,887.8,945.1,998.2,1213.5,1581.7,2253.2,2437.7,2726.9,2733.5,3394.9,3510.3,3679.0,3650.2,3722.8,1483.7,1641.8,2893.8,2976.6,1426.1,1636.3,957.9,995.1,1046.9,1096.0,1127.6,897.0,1022.5,1102.9,1436.2,1388.5,1450.3,1435.2,1599.0,1732.4,2182.0,2346.0,2494.9,,,,,,,,,,,,,
T僡kiye,197.7,213.0,231.8,257.8,294.0,332.1,382.9,412.1,450.1,523.1,766.2,468.8,301.3,330.4,350.0,380.9,422.7,442.0,508.4,570.7,596.8,564.9,570.9,704.0,861.6,1136.7,2285.0,2534.8,2765.8,2727.9,3001.1,2672.0,2814.9,2754.7,2469.4,2190.1,2366.0,2769.4,2889.6,2663.9,3373.7,5315.4,5670.7,6157.9,7075.1,5293.2,6606.2,7512.1,7792.0,8781.0,9951.8,9993.7,7216.1,9050.4,10277.9,10920.8,12081.2,13036.5,14987.8,16809.6,16047.5,17650.5,17006.5,17694.3,18427.6,17576.5,15668.8,17827.7,17822.7,19648.7,20436.9,15783.0,15254.8,15036.8,19577.8,24978.7
United Arab Emirates,,,,,,,,,,,,,,,,,,,,,,,,,,,,,,,,,,,,,,,,,,,,,,,,,3335.8,4010.3,4233.1,5875.8,5798.0,5354.1,5834.7,6816.9,6604.2,7165.4,8461.0,11571.7,13836.4,17504.7,19181.8,19024.1,23561.1,22755.1,,,,,,,,,,
"Yemen, North",,,,,,,,,,,,,,,,,,,,,,,,0.0,0.0,0.0,0.0,0.0,0.0,0.0,0.0,0.0,0.0,0.0,0.0,0.0,0.0,0.0,0.0,0.0,0.0,,,,,,,,,,,,,,,,,,,,,,,,,,,,,,,,,,,
Yemen,,,,,,,,,,,,,,,,,,,,,,,,,,,,,,,,,,,,,,,,,,807.1,1028.2,1306.9,1535.5,2353.3,805.9,416.0,397.1,384.5,395.3,473.7,540.1,737.4,807.3,735.5,815.6,822.1,1050.5,1196.4,1420.8,1448.2,1612.3,1618.8,1648.8,1714.8,,,,,,,,,,
